problem,problemimage,tools,solString,answer,gbd,drawing_image_name,user_id,problem_id,_id,correct_answer,stroke_count,created_at,label
"""Rita en rektangel som är $2$ cm bred och $5$ cm lång. Vad är omkretsen för denna?""",,"{""total"":4,""triangleright"":1,""element"":3}","""5\n2\n5""","[""14cm""]",0.0,2412f880-0ec3-11f0-a5ae-cf0b4b629d2d.jpg,66ba92257764376addc656ba,631b214a32445b0014edc418,67eb889505040ac105463f60,"[""14cm""]",4,2025-04-01 6:32:54,1.0
"""Hur många gånger större är talet som är dubbelt så stort som 54,6 jämfört med det talet som är hälften så stort som 54,6?""",,"{""total"":76,""free"":6,""circle"":1,""rectangle"":1,""element"":68}","""578y785t985yiuhng7y4t78wy3ougo-idbdjbvhdjjh%+hbfekjghbeugbue=iuiehghy""","[""4""]",0.0,6df25000-a02b-11f0-9b9f-93bc6f458e95.jpg,68b6ddc99ef376ef99305b36,65574039d6cc4a38bfea9e25,68df7c93283430c269799ae6,"[""4""]",76,2025-10-03 7:34:44,0.0
"""Barnen ska få en fjärdedel var av ett äpple. Till hur många barn räcker två äpplen?\n\n*Visa hur du löser uppgiften och skriv svar.*""",,"{""total"":31,""element"":12,""circledfraction"":18,""free"":1}","""2\näpllen\n8\nbarn""","[""8""]",0.0,2432be40-2016-11f0-96d8-d5e09633733d.jpg,6401add35971ff001fe3b7e7,637762560d712800137aac7b,680899479f392fb075e7fb72,"[""8""]",31,2025-04-23 7:39:52,1.0
"""Visa hur du löser uppgiften.\n\n${\\Large \\frac{1}{4}} + {\\Large \\frac{2}{4}} =$""",,"{""total"":10,""element"":7,""line"":3}","""1+2=334""","[""[3/4]""]",0.0,e79f9530-8edc-11f0-a95f-6f34a72aa14b.jpg,66c3d7d5e593c070de2e0519,63eb511a8e78a2001308c47e,68c27364523c88da7972dab4,"[""[3/4]""]",10,2025-09-11 6:59:48,1.0
"""Visa hur du löser uppgiften.\n\n${\\Large \\frac{1}{4}} + {\\Large \\frac{2}{4}} =$""",,"{""total"":3,""element"":2,""line"":1}","""""","[""[3/4]""]",0.0,b46fde70-9d20-11f0-acc8-c3cf26f4885c.jpg,63044b1313c31e001fb1bdfb,63eb511a8e78a2001308c47e,68da621823494a0fc2643efd,"[""[3/4]""]",3,2025-09-29 10:40:24,0.0
"""Simone har ett rep som är $660$ cm. Hon ska klippa det i lika långa bitar. \n\nHur lång blir varje bit om hon gör två klipp?""",,"{""total"":9,""element"":8,""line"":1}","""6603\n=220""","[""220""]",0.0,231cca50-8e07-11f0-93c3-6d27d23941f6.jpg,66be7f12199ed70e52f5c152,632c25893caf5e00143b0f6b,68c10cbf523c88da7948c201,"[""220cm""]",9,2025-09-10 5:29:35,1.0
"""En triangel har en area som är 1 kvadratmeter och en bas som är 0,25 meter. Vad är triangelns höjd?""",,"{""total"":24,""trianglesymmetricvertical"":1,""free"":14,""element"":8,""rectangle"":1}","""1\nx=2/0,25""","[""8""]",0.0,08598ff0-1d28-11f0-b869-d10370f94813.jpg,652cdb34912d36363492623b,65607ac4521142e51e574c95,6803aeceec33bb47d45c0c3d,"[""8m""]",24,2025-04-19 14:10:23,1.0
"""Visa hur du löser uppgiften.\n\n$164-46=$""",,"{""total"":13,""element"":10,""free"":1,""line"":2}","""1164-46=118""","[""118""]",0.0,94e227f0-9471-11f0-8836-9d7b4c6a2fc6.jpg,66bd2f17e9b798aafc69ae57,64d32982dce3104a2ad792f3,68cbd04f51dbe21660c41524,"[""118""]",13,2025-09-18 9:26:40,1.0
"""Anna och hennes två syskon får 936 kr som de ska dela lika på. Hur mycket pengar får Anna?""",images/14581bb4-4b60-47c7-b3a8-52e2a5e25df3.png,"{""total"":10,""element"":8,""line"":2}","""9363\n=312""","[""312""]",0.0,22bf9b40-9aa1-11f0-b195-c96c11591149.jpg,68ad9512d8c83471353da1c8,654a0e94bd043ff860bf614e,68d63113e9ef8b7a2bd46854,"[""312kr""]",10,2025-09-26 6:22:11,1.0
"""Kim löser 72 matteproblem under 9 dagar. Han löser samma antal uppgifter varje dag. \n\nHur många problem löser Kim varje dag?""",images/efa12679-6a86-4314-92f9-0dacbd46776d.png,"{""total"":7,""element"":2,""line"":1,""free"":4}","""q=8""","[""8""]",0.0,be7030b0-9d0b-11f0-a3a6-0d49945bebfd.jpg,62f35fbc6376c9001fa1ed78,655743a2df39eeec176c9ec4,68da3eed0daed6849a63db44,"[""8""]",7,2025-09-29 8:10:22,1.0
"""Nadja har bara $275$ m till skolan. \n\nHennes bror Gustav har tio gånger så långt till sin skola. \n\nHur mycket längre skolväg har Gustav?""",,"{""total"":18,""free"":2,""rectangle"":1,""element"":15}","""112750_275=2475""","[""2475""]",0.0,be3ff250-93de-11f0-9a58-a7d07bc54a53.jpg,64424758d1e72e001f97805a,68b94cdd8fb0b72496c2315b,68cad9f53336e3ae0811332d,"[""2475m""]",18,2025-09-17 15:55:34,1.0
"""Skriv det binära talet $1101$ i tiosystemet.""",,"{""total"":29,""placevaluechart"":0,""line"":0,""element"":29}","""1101=1'8+1'4+0'2+1'1=\n8+4+1=13""","[""13""]",0.0,db142c40-93c8-11f0-8836-9d7b4c6a2fc6.jpg,66b7289166298c87182540d5,632c2f46a9fe370013b6850f,68cab53c932293f7f826a9a5,"[""13""]",29,2025-09-17 13:18:53,1.0
"""Ett paket innehåller 24 stycken munkar.\n\n8 vänner ska dela på munkarna. Hur många får var och en?""",images/88423bfa-bd99-4b0d-a5a0-36b65ab63340.png,"{""total"":52,""free"":42,""element"":10,""circle"":0}","""3\n333333333""","[""3""]",0.0,e23cf4d0-183e-11f0-841b-c57c865ae948.jpg,66b4d8503384e828be2e2469,6581aad1a5585b513775068e,67fb71a9bb9acf7610e1962b,"[""3""]",52,2025-04-13 8:11:21,1.0
"""The side length of an equilateral triangle is 4 feet. What is the perimeter?""",,"{""total"":31,""element"":12,""trianglesymmetricvertical"":2,""free"":17}","""p=3sx4\np=12ft""","[""12ft""]",0.0,3fe7ef40-0025-11f0-a1ac-250ef625834a.jpg,66c3ce5fe593c070de2b8156,6167e4a9002db40019567f6b,67d302bbb46f4159d021abba,"[""12ft""]",31,2025-03-13 16:07:24,1.0
"""Hur mycket behöver adderas till 47,8 för att få 72,24?""",,"{""total"":16,""element"":13,""line"":2,""free"":1}","""72,2447,8=24,44""","[""24,44""]",0.0,15bb1740-9d07-11f0-98f5-63236175eec6.jpg,66ba95aec3fb583d2816e925,615ee775287b240013163750,68da371ccf882b9e60ab272e,"[""24,44""]",16,2025-09-29 7:37:00,1.0
"""I en bandyturnering startar sexton lag. Det är en utslagstävling där det segrande laget från varje match går vidare. Hur många matcher måste spelas innan ett lag står som slutsegrare?""",,"{""total"":25,""free"":4,""element"":1,""text"":0,""trianglesymmetricvertical"":1,""triangleright"":1,""line"":18}","""""","[""15""]",0.0,1bf1f300-157a-11f0-8166-5fd8a4033f5c.jpg,651522c359711c3d49f85676,632ed997b831fb0013255113,67f6cc89fda8db05209941e7,"[""15""]",25,2025-04-09 19:37:45,0.0
"""Pantea kastar sex pilar mot en tavla. Resultatet blir: $8$, $4$, $5$, $3$, $10$ och $6$. \n\nBeräkna medelvärdet.""",,"{""total"":7,""element"":4,""line"":3}","""366\n6""","[""6""]",0.0,ec745e70-21b2-11f0-8787-f7e42e8396aa.jpg,64f04a75e5cb331e3aa5edc3,63344a3adb84810014f00ad5,680b4dd03e204c268ee27592,"[""6""]",7,2025-04-25 8:54:40,1.0
"""Beräkna. \n\n$0{,}007 \\cdot 2 \\ 000 = $""",,"{""total"":16,""element"":13,""line"":2,""free"":1}","""20000,007=14,000""","[""14""]",0.0,6edfccd0-0897-11f0-bb2a-e129d8e6af14.jpg,66b73b8b66298c871826adb6,6557418d181670cb1ac31033,67e12e46128e0f4fa9dedbaf,"[""14""]",16,2025-03-24 10:04:54,1.0
"""Anders bjuder en kompis på tårta. Anders äter $\\Large\\frac{1}{6}$ och kompisen äter $\\Large\\frac{2}{6}$ av tårtan. Hur mycket har de ätit tillsammans?""",images/d8fd989a-d601-4dcd-b29e-9eeb761b4d5a.png,"{""total"":21,""element"":3,""circledfraction"":18}","""-\n-\n=""","[""[3/6]""]",0.0,198c1630-4122-11f0-b7d0-2b2944f9afb7.jpg,66ea9d5265e976fd8c12a347,604e579f38263cc3ad30d3ad,68400abcfdc7ee63df8f4eaa,"[""[3/6]""]",21,2025-06-04 8:58:37,1.0
"""Beräkna.\n\n$82 - 47 =$""",,"{""total"":11,""element"":7,""line"":1,""free"":3}","""82-47=35""","[""35""]",0.0,6ce214d0-f8f0-11ef-b999-29a34aa9ba23.jpg,66ba2d132b1c87684210cb30,5e57fa4395d5f1635e035ea2,67c6eba165d0ba8873c22b7f,"[""35""]",11,2025-03-04 12:01:38,1.0
"""Beräkna.\n\n $41 - 12=$""",images/214f195a-ad6d-4495-9c48-b0e94e211746.png,"{""total"":16,""image"":1,""line"":5,""free"":8,""element"":2}","""\\ldots \\zeta _{j}""","[""29""]",0.0,b8fa8960-0a25-11f0-bd52-3b2b74cffd72.jpg,65264451d710e54cc94e2e0f,6582d3ec987165ee52a353b5,67e3ca7e0d324051c3729367,"[""29""]",16,2025-03-26 9:35:58,1.0
"""Hur lång tid är det mellan klockslagen?\n\n13.25 – 16.50""",,"{""total"":43,""line"":7,""element"":36}","""13.2516.50hmin1325-143514-16=16-1650\n2\n50""","[""3 h 25 min""]",0.0,0595b400-1ac2-11f0-841b-c57c865ae948.jpg,64f5b388f10a0c10df795c88,6321f2ed78c3810013be8669,67ffa8aa7b90c0e5dcb3320b,"[""3 h 25 min""]",43,2025-04-16 12:55:07,1.0
"""Vilket tal är minst?\n\n${\\Large\\frac{3}{6}} \\hspace{0.5cm} {\\Large\\frac{3}{7}}  \\hspace{0.5cm} {\\Large\\frac{3}{8}}  \\hspace{0.5cm} {\\Large\\frac{3}{9}}$""",,"{""total"":24,""circledfraction"":16,""element"":8}","""36\n37\n38\n39""","[""${\\Large\\frac{3}{9}}$""]",0.0,8e50b5a0-16ae-11f0-8166-5fd8a4033f5c.jpg,65ba69e5b32171576deade53,64d329da14379d0c8cbee954,67f8d205bfe87f07ff378243,"[""${\\Large\\frac{3}{9}}$""]",24,2025-04-11 8:25:42,1.0
"""Visa hur du löser uppgiften.\n\n$541 - 174 = $""",,"{""total"":18,""element"":14,""line"":4}","""0011541-174=367""","[""367""]",0.0,799e0660-896f-11f0-a3c7-715f83e311f1.jpg,66cc695803f44fced5afb3d2,63ee6212f972830013634b6f,68b9585009d8d05dc908131f,"[""367""]",18,2025-09-04 9:13:53,1.0
"""$3\\ 628 + 796=$""",,"{""total"":25,""element"":24,""line"":1}","""1113628796424+4\nSVAR:4424""","[""4424""]",0.0,d8b61bf0-2b65-11f0-a602-690639169a53.jpg,64d377e832ca7a9556303ee8,63208c4847e61c0013b82a28,681b9378b2e37ea2133b0ab6,"[""4424""]",25,2025-05-07 17:08:09,1.0
"""Bilden visar en tårta som är delad i lika stora delar. Två personer har tagit varsin bit. \n\nHur stor andel av tårtan finns kvar?""",images/15853bdd-6c0b-4708-90bb-9d7438bc96d2.png,"{""total"":3,""element"":2,""line"":1}","""""","[""[4/6]""]",0.0,e51b9450-3485-11f0-a9ce-77c1d510a23a.jpg,66ba2d112b1c87684210ca94,61c992346ee51e0018312946,682ae2b4e67ed1d5466f64dc,"[""[4/6]""]",3,2025-05-19 7:50:13,0.0
"""Lava, Maggie och Algebrasa delar lika på 12 godisbitar.  \n\nHur många godisbitar får var och en?""",images/e231860a-25dc-4907-aad4-2e1c02c32c40.png,"{""total"":18,""element"":4,""line"":13,""free"":1}","""12\n12""","[""4""]",0.0,07d294a0-87ef-11f0-89b6-918b87ba875a.jpg,64f975b52144e6c361379b62,67e3b10d2a4b6201610ff54b,68b6d352ae4091b8970511c3,"[""4""]",18,2025-09-02 11:21:55,0.0
"""Vad är cirkelns omkrets? Använd $\\pi \\approx 3{,}14$.""",images/c8ffff88-db1f-47db-8dbd-b65dd1373ba8.png,"{""total"":25,""element"":24,""line"":1}","""4×2=8\n133,14×__8=25,12\n25,12cm""","[""25,12cm""]",0.0,f79b1ff0-21f8-11f0-9bf8-ede6d540e247.jpg,6500723bf5bc5858266c501e,65607b12f1560ac3b885991c,680bc353f10ca77da03a62e5,"[""25,12cm""]",25,2025-04-25 17:16:04,1.0
"""${\\Large\\frac{5}{6}}/ {\\Large\\frac{3}{4}}=$""",,"{""total"":23,""element"":18,""line"":5}","""5/3=10/9641212\n=10\n9""","[""[[10]/9]""]",0.0,6c566870-0329-11f0-aa6a-371f0b42f429.jpg,65f8592c20f423589516e288,636022fa427c0a0014602731,67d81239f0e3c4b4cffb0ad5,"[""[[10]/9]""]",23,2025-03-17 12:14:50,1.0
"""Beräkna.\n\n$56{,}45-34{,}9=$""",,"{""total"":17,""line"":2,""element"":12,""free"":3}","""56,45-34,9=21,55""","[""21,55""]",0.0,d8826d20-9df5-11f0-9590-f1d7e0d4ab1b.jpg,677f95d0906295a985ac0c18,668be4bf934009ce00a0bd3d,68dbc7afaad09f7b0f977d48,"[""21,55""]",17,2025-09-30 12:06:07,1.0
"""Beräkna arean av triangeln med basen $4$ cm och höjden $3$ cm.""",images/255c412d-a900-4ebc-baed-6a319b8d17d3.png,"{""total"":12,""element"":5,""free"":5,""line"":2}","""43=12""","[""6""]",0.0,889f5d80-29cf-11f0-b598-3fba009f09bc.jpg,66c8501dd08168da99cb4250,6337ebda26e86a00143f202f,6818e9c95224e7109cc0f822,"[""6cm^[2]""]",12,2025-05-05 16:39:38,1.0
"""Visa hur du löser uppgiften.\n\n$4 \\cdot 19= $""",,"{""total"":106,""element"":7,""circle"":10,""free"":89}","""4*19=76""","[""76""]",0.0,7e15ce10-f4de-11ef-9153-535648b1528e.jpg,6318b1ed510cb4001ff64138,64d3299514379d0c8cbee560,67c0178e1f9278b8142600d3,"[""76""]",106,2025-02-27 7:43:11,0.0
"""Vilket bråk är minst?\n\n${\\Large\\frac{5}{4}}$ eller ${\\Large\\frac{6}{7}}$""",,"{""total"":6,""line"":2,""element"":4}","""54\n67""","[""${\\Large\\frac{6}{7}}$""]",0.0,2b307010-3ba6-11f0-ae1d-ffc1529ce7d5.jpg,679c86da768cb3768b6da6c0,638f53e6bbdc740013f61f80,6836d754535f115dcfdada45,"[""${\\Large\\frac{6}{7}}$""]",6,2025-05-28 9:28:53,1.0
"""Visa hur du löser uppgiften.\n\n$4 \\cdot 19= $""",,"{""total"":10,""element"":4,""line"":2,""free"":4}","""19.4""","[""76""]",0.0,b7da3960-3624-11f0-92d2-8145c5fe27c1.jpg,66bd2bfb2bc05cd48fd9dd3e,64d3299514379d0c8cbee560,682d9aaaf910481318b3bac5,"[""76""]",10,2025-05-21 9:19:38,1.0
"""Hur lång är sidan i en kvadrat om dess omkrets är 24 dm?""",,"{""total"":12,""element"":10,""free"":1,""rectangle"":1}","""244=6dm6=dm""","[""6dm""]",0.0,d7f93460-1065-11f0-b495-7b0142a54905.jpg,636e13b4f4e4610020338b7e,65299cc0c8105094a54efaaf,67ee470d169e78d7c44a6438,"[""6dm""]",12,2025-04-03 8:30:05,1.0
"""Beräkna.\n\n$6\\ 672+148=$""",,"{""total"":16,""element"":13,""line"":3}","""6672148=6820""","[""6820""]",0.0,ad0f69f0-8503-11f0-a8ca-63e05bdd3e2a.jpg,66b4320ce41b54b005f73c16,654a0d5af6cc352c2c9790f5,68b1ed78e803c791af9a0ce9,"[""6820""]",16,2025-08-29 18:12:08,1.0
"""Hur många veckor är ett år?""",,"{""total"":9,""line"":3,""element"":6}","""3657\n52""","[""52""]",0.0,b76cd430-138b-11f0-9648-6313d0298f96.jpg,66d8509fd2be8307595c3792,6682ad6601864247d7306b5f,67f38f146ef92aea7146e764,"[""52""]",9,2025-04-07 8:38:45,1.0
"""Hur bred är kaninen?""",,"{""total"":5,""rectangle"":1,""element"":4}","""15\ncm""","[""15cm""]",0.0,21a2fd30-1124-11f0-8ba8-a37596547fec.jpg,66ed16a0d47f5a360fbc024c,654a0bf554ad399eece56ec6,67ef864d7c4a2553486414ae,"[""15cm""]",5,2025-04-04 7:12:13,1.0
"""Lina sprang 1 mil, 2 km och 300 m. Kalle sprang 10 km och 700 m. \n\nHur många meter längre sprang Lina än Kalle?""",images/9f7cc2f2-85dd-499a-9787-5ad2b4dc8371.png,"{""total"":16,""line"":1,""element"":15}","""1120001700=10300""","[""1600""]",0.0,30ccd120-0f8d-11f0-8ba8-a37596547fec.jpg,6758245d29a46e3d3b873a6c,655740ee6d1334f8c123b6fc,67ecdb916461f1412ae7732b,"[""1600m""]",16,2025-04-02 6:39:13,0.0
"""Beräkna.\n\n${\\Large\\frac{184}{4}}=$""",,"{""total"":7,""element"":6,""line"":1}","""1844\n46""","[""46""]",0.0,14e26340-412d-11f0-a676-d3648a8c7ae3.jpg,67dd3b4ee8780a5dca966c39,657984187ff86cb33ff2cdd8,68401d297fe387cecc0c9180,"[""46""]",7,2025-06-04 10:17:13,1.0
"""Europas längsta flod Volga är $3\\ 531$ km lång. Donau är $681$ km kortare. Europas sjätte längsta flod Kama är $1\\ 045$ km kortare än Donau. \n\nUngefär hur lång är Kama? Avrunda alla inblandade tal till hundratals km.""",images/64a64d94-033b-402b-a10c-9b2436bf760e.png,"{""total"":31,""element"":27,""line"":4}","""2850105018003530-680-=2850""","[""1800""]",0.0,803b8b60-15e7-11f0-9e59-b1b6a93b681d.jpg,6705c835166c76e6ef401877,6582d54406c46fe1a7a54c47,67f78410dc922a30d6cb1601,"[""1800km""]",31,2025-04-10 8:40:49,1.0
"""Beräkna.\n \n $ 526 - 377=$""",,"{""total"":19,""element"":6,""line"":1,""free"":12}","""526377""","[""149""]",0.0,8531b950-f990-11ef-b6f5-a52423f995fe.jpg,64edae1ffa985cc75a80ddaa,604e42b238263cc3ad2f4c6a,67c7f8390c00886ea8a57520,"[""149""]",19,2025-03-05 7:07:38,1.0
"""Vad heter figuren?""",images/9670cc8e-aecd-445c-b9f3-faa6b2f36865.png,"{""total"":15,""element"":10,""free"":0,""triangleright"":0,""line"":5}","""femhörning""","[""femhörning""]",0.0,e9ec2220-0ec8-11f0-8ba8-a37596547fec.jpg,62f03a0acfa381001f8b94bf,631b2003f6dc53001326694d,67eb9245386f1ecd9b9b00c1,"[""femhörning""]",15,2025-04-01 7:14:13,1.0
"""Visa hur du löser uppgiften.\n\n$127 + 42 = $""",,"{""total"":10,""element"":9,""line"":1}","""127+42=169""","[""169""]",0.0,5daf2140-41e5-11f0-9e69-45ad0dd0d1f2.jpg,68414e9ef5a182d8ec372e89,64d3299514379d0c8cbee53f,68415256f80f7e807d292c7b,"[""169""]",10,2025-06-05 8:16:22,1.0
"""Hur stor andel av figuren är blå?""",images/b75c3eb4-b45a-401a-96c4-41c44320fd50.png,"{""total"":17,""element"":16,""line"":1}","""5\ntotalt\n2\när\nbloa\n25""","[""[2/5]""]",0.0,123073f0-3a2d-11f0-85a3-cf5656569bb4.jpg,651e961bdf6682e928eae625,646cbb57e2cbc400134fd4c1,68345eaa535f115dcf873e18,"[""[2/5]""]",17,2025-05-26 12:29:30,1.0
"""Mildred drar ett kort ur en vanlig kortlek. Hon stoppar tillbaka kortet, blandar leken och drar sen ett kort till. Hur stor är sannolikheten att det första kortet är en spader och det andra högre än $10$? Svara i bråkform.""",,"{""total"":6,""element"":4,""line"":2}","""I[H]""","[""[1/[13]]""]",0.0,d6015bb0-2ca3-11f0-96f6-b7931f7e29f7.jpg,63034100647c3c001f604b0b,635b8d20d7a6e40013e9aa78,681da8f7b2e37ea21395bf3a,"[""[1/[13]]""]",6,2025-05-09 7:04:23,0.0
"""Alma, Jennica och Tove har beställt och ätit pizza.\n\nAlma åt $\\large\\frac{3}{4}$ av sin pizza.  \n\nJennica åt  $\\large\\frac{2}{3}$ av sin pizza.\n\nTove åt  $\\large\\frac{5}{6}$ av sin pizza.\n\nHur mycket pizza har de ätit tillsammans?""",,"{""total"":9,""element"":1,""circle"":4,""numberline"":0,""free"":4}","""iwy""","[""[9/4]""]",0.0,331b24a0-274c-11f0-8d90-013959374699.jpg,66ba96929e03ed84087be79a,65cea120048f6263f5d111e7,6814b2736b29ebf253c69db7,"[""[9/4]""]",9,2025-05-02 11:54:28,0.0
"""Vad är medianen av följande data?\n\n$\\quad 9, 5, 3, 14, 13, 20$""",,"{""total"":21,""element"":14,""free"":4,""line"":3}","""3,5,9,13,14,20\n11med""","[""11""]",0.0,afa51d70-373a-11f0-8bfa-e7e6b2a58150.jpg,66b17e102302399c42e095e2,669e2d756b7cc91c48726600,682f6d045895a9bcdcd035b6,"[""11""]",21,2025-05-22 18:29:25,1.0
"""Lös följande uppgift. Visa hur du räknar.\n\n$ 132 + 26$""",,"{""total"":11,""element"":10,""line"":1}","""132+26==158""","[""158""]",0.0,99a69090-138a-11f0-a0ea-2fb6c97dd099.jpg,63c0056052df85001fcdaaaf,602be76f70af089ad35ca2ef,67f38d35c653cb31d12c9825,"[""158""]",11,2025-04-07 8:30:46,1.0
"""Tre barn har köpt var sin lika stor pizza. de jämför hur mycket de har kvar av sina pizzor.\n\nVilket bild passar ihop med påståendet.\n\nMia har kvar en tredjedel av sin pizza.""",images/59348674-abde-4393-9e9e-fb063b8808e5.png,"{""total"":2,""circledfraction"":1,""element"":1}","""""","[""D""]",0.0,25d18ab0-13a0-11f0-978d-eb1105047f20.jpg,6401add35971ff001fe3b7e7,67d2b3bbfc00754d76d64c7d,67f3b15c6e4d3bb7cdaeef1a,"[""D""]",2,2025-04-07 11:05:00,0.0
"""Pengarna ska delas lika mellan $10$ personer.\n\n Hur mycket får var och en?""",images/6a79fc56-1e93-46bc-9588-de7298d06226.png,"{""total"":36,""element"":20,""line"":1,""free"":15}","""1000x5=5000\n500010\n500""","[""500""]",0.0,190adce0-0fcd-11f0-aaa0-4198448e290f.jpg,62f368488b44c7001feedc17,63178c6e47e61c0013a5d408,67ed46c9ad072c601f71b953,"[""500kr""]",36,2025-04-02 14:16:41,1.0
"""Hur många gånger större är talet som är dubbelt så stort som 54,6 jämfört med det talet som är hälften så stort som 54,6?""",,"{""total"":21,""equation"":0,""circle"":1,""element"":20}","""54,6·__2109,2154,6=27,3=2""","[""4""]",0.0,e02d2cb0-8ee4-11f0-985e-47e05d7dad11.jpg,66ba2d1c2b1c87684210cf6f,6581bf49a5585b5137757fe5,68c280c3fd43bdf4f0b9c6dc,"[""4""]",21,2025-09-11 7:56:51,1.0
"""Beräkna.\n\n$53{,}4+28{,}8=$""",,"{""total"":28,""element"":22,""line"":6}","""53,4+28,8\n1153,4+28,8=82,2\n82,2""","[""82,2""]",0.0,e469be50-1087-11f0-8ba8-a37596547fec.jpg,67a474bfb28f082df7913cf4,65798440e5ccf9d9920c4523,67ee802c46ad32ab7e2fbfe4,"[""82,2""]",28,2025-04-03 12:33:49,1.0
"""Diagrammet visar hur mycket olika barn får i veckopeng.\n\nVad fick varje barn i veckopeng i snitt? Avrunda till hela kronor.""",images/223e73f4-2b1b-4527-8b96-d8d3652a94e1.png,"{""total"":76,""image"":1,""element"":53,""free"":22,""triangleright"":0}","""20×2+30×4+40x8+50x4=680kr\n2+4+8+4=18\n68018\n=037,7\n37,7≈38kr""","[""38kr""]",0.0,2e335330-2847-11f0-b598-3fba009f09bc.jpg,64d21bad4b4073d474462bda,6529472d256ee9dd5911917e,681657875224e7109c7ad939,"[""38kr""]",76,2025-05-03 17:51:03,1.0
"""En rektangel har sidorna $5$ cm och $3{,}5$ cm. Hur stor omkrets har rektangeln?""",,"{""total"":43,""rectangle"":1,""free"":16,""element"":26}","""3,5cmx2=7cm\n5cmx2=10cm+=17cm""","[""17cm""]",0.0,524eeeb0-2981-11f0-88a6-07765fbdcd40.jpg,630dfb628f519700202ea8f2,632b7adff63f0000140ddc1e,68186691d7c792223bfdaa40,"[""17cm""]",43,2025-05-05 7:19:46,1.0
"""Under en vecka föll det sammanlagt $133$ mm regn i Storlien. Veckan därpå var ännu regnigare. I genomsnitt kom det då $4$ mm mer per dygn än under veckan innan. \n\nHur många millimeter regn föll det sammanlagt den andra veckan?""",,"{""total"":26,""element"":24,""circle"":0,""free"":2,""tiles"":0,""line"":0}","""=019\n\n\n1331133+19=152+28=161""","[""161""]",0.0,7bb740e0-0582-11f0-b32c-d79e1d355954.jpg,66c5a94c4b4f88024646f337,632eda4fb831fb001325534f,67dc02a33c167339312a38b8,"[""161mm""]",26,2025-03-20 11:57:23,1.0
"""Lös följande uppgift. Visa hur du räknar. \n\n$431 - 163$""",,"{""total"":19,""element"":12,""line"":5,""circle"":2}","""__431-163=268""","[""268""]",0.0,d6784de0-826d-11f0-a12b-45b99026e092.jpg,64f58e266aa289c7357a60b5,602d5a6c70af089ad381f970,68ad97171d7741977ac96d41,"[""268""]",19,2025-08-26 11:14:31,1.0
"""x-7= -2""",,"{""total"":10,""element"":8,""image"":1,""free"":0,""numberline"":1}","""x=-2+7\nx=""","[""5""]",0.0,39c96a00-1491-11f0-8166-5fd8a4033f5c.jpg,64dc4771ea9dbbbf105b0f31,67e0f13412702a9460fdf0b7,67f545d231ec5adf94798bcc,"[""5""]",10,2025-04-08 15:50:42,1.0
"""Under en vecka uppmättes ovanstående morgon temperaturer. \n\n$0\\ \\degree$C, $3\\ \\degree$C, $1\\ \\degree$C, $2\\ \\degree$C, $1\\ \\degree$C, $2\\ \\degree$C och $4\\ \\degree$C\n\nVilken är medianen?""",,"{""total"":8,""element"":7,""circle"":1}","""0,1,1,2,2,3,4""","[""$2\\ \\degree$C""]",0.0,beea0760-30a9-11f0-b519-092eabbdc2be.jpg,64dc47a561791982d15aa832,67387b1edd163544ff842e8a,682468dea28ca018ac0936eb,"[""$2\\ \\degree$C""]",8,2025-05-14 9:56:46,1.0
"""Vilket tal saknas?\n\n$ \\ \\underline{\\hspace{1cm}} $ dygn $=1$ skottår""",,"{""total"":11,""free"":4,""circle"":1,""element"":5,""rectangle"":1}","""365×4""","[""366""]",0.0,fc93c600-34a0-11f0-a705-df4bc4e91aae.jpg,66b2da88bd56d2677aaf7f11,633837fbb831fb001338ba51,682b10285895a9bcdc007183,"[""366""]",11,2025-05-19 11:04:09,0.0
"""Förläng bråket med talet 2. \n\n${\\Large \\frac{1}{2}}=$""",,"{""total"":3,""element"":2,""free"":0,""line"":1}","""""","[""[2/4]""]",0.0,736ae5a0-fd93-11ef-bb88-f39c5032fe51.jpg,679353e41d4b2d0c11f25bb8,65799215bc2367ffee39fcd3,67ceb321e496ef1fc43af99b,"[""[2/4]""]",3,2025-03-10 9:38:41,0.0
"""VISA HUR DU LÖSER UPPGIFTEN\n\nHur många chokladbitar som kostar 7 kronor styck kan du köpa för 60 kronor?""",,"{""total"":43,""element"":2,""image"":1,""free"":34,""line"":5,""circle"":1}","""i\\sigma _{8sx}^{\\because ^{21}?835}.4?!11\\delta ,6""","[""8""]",0.0,30362710-20ff-11f0-8b5a-2ba849f1c850.jpg,66c5c1e64b4f88024652bb90,6808dbd5e50ed32cb57584a5,680a2044b73665bea0130a50,"[""8""]",43,2025-04-24 11:28:05,1.0
"""Vad är 7:an värd i följande tal? \n\n100 007""",,"{""total"":25,""free"":7,""element"":11,""highlight"":6,""circle"":1}","""hallopurpul""","[""7""]",0.0,514d4960-25a0-11f0-9369-63786d0b7c9a.jpg,66b2dab8bc116c259ee42146,65607c37e8e8c168f0b5c8d4,6811e495a155f1a76ec7891a,"[""7""]",25,2025-04-30 8:51:34,0.0
"""Skriv en fjärdedel med siffror.""",,"{""total"":3,""element"":2,""line"":1}","""""","[""[1/4]""]",0.0,c0fd69a0-0aef-11f0-b23f-5db1a9018119.jpg,66c4afea46f3d01db3182113,63340f5626e86a001436cabe,67e51d72a426106948525a86,"[""[1/4]""]",3,2025-03-27 9:42:10,0.0
"""Beräkna.\n\n${\\Large \\frac{3}{6}}+ {\\Large \\frac{2}{6}}=$""",images/62d04575-fc1e-4ced-91a4-b142639ca3db.png,"{""total"":11,""element"":8,""line"":3}","""3+2=5\n6\n6\n6""","[""[5/6]""]",0.0,e25d4ea0-3fbd-11f0-9694-2dd71b2a44b8.jpg,67f612e35ebfe66df9a71bda,65573eab1a403bb624788bc9,683db51afdc7ee63df43a7c3,"[""[5/6]""]",11,2025-06-02 14:28:43,1.0
"""Beräkna.\n\n$80 \\cdot 90=$""",,"{""total"":17,""element"":4,""free"":4,""circle"":9}","""7200""","[""7200""]",0.0,d0a32410-9520-11f0-9a58-a7d07bc54a53.jpg,66b2dfd67798d45114c56a2c,655740deb45e02e6f4d01ce6,68ccf64e391fe74582c78624,"[""7200""]",17,2025-09-19 6:21:02,0.0
"""Skriv i blandad form. \n\n${\\Large{\\frac{9}{7}}}=$""",,"{""total"":5,""element"":1,""line"":1,""free"":3}","""""","[""1[2/7]""]",0.0,cbb95540-4526-11f0-bc26-f7ca2e0629b9.jpg,63c004690c0c53001f88e4ee,6683ac33a16d985ed62641b7,6846c8990b5e971e44f935a9,"[""1[2/7]""]",5,2025-06-09 11:42:18,0.0
"""$793 - 155=$""",images/798191aa-15a3-4b1c-9ef8-97f857603780.png,"{""total"":93,""tiles"":57,""element"":36}","""467o655edjdmcjgfxcngbfsvxc\nnhgjtsn538""","[""638""]",0.0,956be690-13aa-11f0-978d-eb1105047f20.jpg,6501f67e4fcbe126f97505d9,65816c3a8bbad6831e4f8d4e,67f3c2def207d691dad4b25d,"[""638""]",93,2025-04-07 12:19:43,0.0
"""Beräkna på det sätt du tycker är bäst. \n\n*Visa dina beräkningar.*\n\n$24{,}2 + 109{,}7 + 3{,}8 =$""",,"{""total"":20,""element"":13,""line"":7}","""109,724,23,8=137,7""","[""137,7""]",0.0,9c8be450-24f0-11f0-982f-81371fd0689e.jpg,67512116f3651f0e6a6f9200,61cc213d244f400019ef6d8f,6810bdcc8156a5fc99f2d3b8,"[""137,7""]",20,2025-04-29 11:53:49,1.0
"""Förläng bråket med $4$. \n\n${\\Large\\frac{2}{3}}=$""",,"{""total"":13,""element"":9,""line"":2,""free"":2}","""2×43×4\n812""","[""[8/[12]]""]",0.0,7756ae70-0328-11f0-8a20-15b264a36b72.jpg,67b323796f53d23eef3dd09e,638efd390dc054001560479f,67d8109ecf8b344c149de9a9,"[""[8/[12]]""]",13,2025-03-17 12:07:59,1.0
"""Skriv det binära talet $10010$ som ett naturligt tal.""",,"{""total"":20,""element"":18,""numberframe"":2}","""16842110010\n16+2=18""","[""18""]",0.0,628b3090-9a47-11f0-87b3-570272ca7a69.jpg,689c4df71aa74dd655101013,632d9e9ae6c285001303a847,68d59a807d0bd456d3044e55,"[""18""]",20,2025-09-25 19:39:44,1.0
"""Vad är rektangelns omkrets om alla rutor har sidlängden 1 cm?""",images/35369fff-c5fc-4a22-9160-81bc23d3a694.png,"{""total"":22,""element"":18,""free"":0,""line"":4}","""6cm\n4cm\nO=6+4+6+4=\n20""","[""O=20cm""]",0.0,ee1d21a0-24c1-11f0-99ee-f1087875512b.jpg,67e656737297c50442b04520,616689ee583f4f001cf130d8,68106f7b8156a5fc99d130f2,"[""20cm""]",22,2025-04-29 6:19:39,1.0
"""This cube has a volume of 1000 cm³.\n\nThe edge of another cube is twice as long. What is the volume of the other cube?\n✍️ Show how to solve the task.""",,"{""total"":13,""free"":5,""trianglesymmetrichorizontal"":1,""rectangle"":1,""element"":6}","""072216""","[""27cm^[3]""]",0.0,71641e80-0017-11f0-aa06-f317e28d78df.jpg,679a0b55fb3009f30e62be50,671b532c128d680b10505b9d,67d2eb917130008007d55dc6,"[""27cm^[3]""]",13,2025-03-13 14:28:34,0.0
"""Förenkla uttrycket. \n\n$7 - 2(x+2) + 3x=$""",,"{""total"":99,""element"":25,""free"":8,""highlight"":65,""trianglesymmetricvertical"":1,""text"":0}","""7-2(x+2)+3x=\n7-2x-4+3x=\n3+x""","[""x+3""]",0.0,5db250a0-f81a-11ef-a33c-ff4f12b1f3ea.jpg,66ba92d0906d3f75ecaa8ffb,6357cc0eaf1e38001491502e,67c5847f0dabb0c1c72ca1d4,"[""x+3""]",99,2025-03-03 10:29:20,1.0
"""Du växlar en tusenlapp. Hur många tjugokronorssedlar får du?""",,"{""total"":34,""free"":3,""image"":1,""highlight"":4,""element"":6,""line"":20}","""100020""","[""50""]",0.0,0343a800-36ed-11f0-8bfa-e7e6b2a58150.jpg,66c3087b30e60920b3f0e1ab,6336f8f726e86a00143e7b33,682eeab45895a9bcdcacf0fd,"[""50""]",34,2025-05-22 9:13:24,0.0
"""Tabellen visar Lejas vikt under hennes första levnadsår. Visa viktökningen i ett linjediagram. Avläs sedan ur ditt egna diagram hur mycket Leja vägde efter $5$ månader.""",images/81b673d8-b2e4-4021-9a70-58b9bcfc01bd.png,"{""total"":24,""line"":21,""element"":3}","""""","[""6500g""]",0.0,05a04af0-2fc1-11f0-af6c-2b9a3f6fa16a.jpg,66e18e07964e042d95a537b7,635169790d18400013e2ba96,6822e26ca28ca018acace834,"[""6500g""]",24,2025-05-13 6:10:52,0.0
"""En bulle kostar 7 kr. Karin har 50 kr.\n\nHur många bullar kan hon köpa?""",images/ac7f3caf-cc32-4e6f-aab6-d4af8e77318c.png,"{""total"":2,""element"":1,""image"":1,""trianglesymmetricvertical"":0,""trianglesymmetrichorizontal"":0,""circle"":0}","""""","[""7""]",0.0,0a8428b0-9aca-11f0-b471-ff8a98086270.jpg,64ff28694936f527d2a49bc4,6529864e49f220def325613f,68d675b47d49404526a3a465,"[""7""]",2,2025-09-26 11:15:00,0.0
"""Rita 2 gröna kulor och 6 blå kulor på ritytan. \n\nHur stor andel av kulorna du målat är gröna?""",,"{""total"":25,""element"":17,""circle"":8}","""1x1x1x1x1x1x1=1\n28""","[""[2/8]""]",0.0,dbfc62a0-1482-11f0-8ecd-5bca79500c57.jpg,660e97209ffacb8aed082440,65573e0e541c473c7b7524df,67f52db78711d9dc400d1657,"[""[2/8]""]",25,2025-04-08 14:07:52,1.0
"""Visa hur du löser uppgiften.\n\n$541 - 174 = $""",,"{""total"":23,""element"":20,""line"":2,""free"":1}","""541-174=367\nsvar:367""","[""367""]",0.0,42584530-872b-11f0-a05b-4bc8c09a1165.jpg,66c3d67ce593c070de2db3e5,63ee6212f972830013634b6f,68b58adf6942541f2610a1b1,"[""367""]",23,2025-09-01 12:00:32,1.0
"""Vilket tal fattas?""",,"{""total"":5,""element"":4,""partpartwhole"":1}","""20\n?\n5""","[""15""]",0.0,8031a930-393a-11f0-85a3-cf5656569bb4.jpg,67b2f36b01c2a45d1444a400,658c03e2500ebd5591e4bf2a,6832c7b3535f115dcf5eb360,"[""15""]",5,2025-05-25 7:33:07,0.0
"""Hur stor är ökningen i procent om det gamla priset var $200$ kr och det nya priset är $226$ kr?""",,"{""total"":2850,""free"":2,""image"":3,""circle"":1,""element"":2844}","""ASDFGHYJIKOPLOIUHYGTFDSAsdfghjklöiouytresplåö.ä.lkjiserdtfgyjikoöl´.äl,kjhgtfdrsea.ösadrtfgyhjikopljiyhgtfdrsdfgtyhjikoploiuyhgtfdrsasdfgtyhjikoplöälkjhygtfdsadfgädxcfvgfcdxcfvgbhjkjhgfcvgbhjklölkjhgfcdxcfvgbhnjkmlölkjhgfcdxfcvghjklöälkjhbgvhxdsfgtyhujioiuyhgtfdreswertyuicfghjkljhgfdgshbvhcdtbuiytuiytrctvybuinuvyctxrcrygfhhgfdxdfghj10hixdcfvgbhnjmk,ljnbhvgcfxji010101010100010000100100101010100101001010101010100101010011vcvbnjmknjbhvgcfvgbjnbd10101001010101001010100100100001010010101010100101010100vgbhjnbhvcvbnjhbgvcvgbhhvgc67876543212345678987654321234567898765432134567897652tfrdsfgyhygtfdrfgynjhnbvgcvgbh2143567654345678765432QGFDRTYHBVCFT6Y7UYHGBHhuYUIRIFROWEFUEFIJDFUIDOFGYDJEFRGHFJDWKEFRHDKEFJHDIIEJFTGURIJvbnjbhvgcxfvghjgfcgvhjkhgvcIRTGUJIUDRKOJRKOTGIYHGTFDRSRTFGYHJIKOPLKOJIYHGTFDRSIserdtfyguyftdsrdtfygufrdtfygCFVGBHJHGFDSADFTGYHJIGTFDSASDFGYHJIKJHGFDFGHJKJHGFDrsrdtfyguyftdrserdtfyguyftdrsGBHNJMK,LKMJNHBGVFCDXSDCFVGBHNJMKHGFDFGHJKLJHGVFCDKfdgfdsaftygftdrxdrftgyfcxdTFGYHJIKJHGFDSASDFGHJKLKJHGFDSDFGHJKLÖKJHGFCDXSCFVGB,ÖdxcfvcfxdzsxdcfvfcxdcfvgyfcxdfcgKLPOJIHGVFCDFGHJIGBVFCXDFVGHJIKOPKJIYHGFGHJIKOHcfgvfcxfghgfcxfghfcxcfghgfcxcUIUYHGTFDRSAEDRTFGYUIOPLKOJIYHGTFDRESWDRTFGYUIOPOYsdftgyhjikhgfdxszxdcfvghjkjhbgfdxszdxcfghjJKLKJHGFCDXSZDFGHJIKOPLKJHGFDXCSZDFGOcvbghnjhbgvcvgbhnjkjnbhvgcvbhnjkJHBGVFCDXZCDFVGHJKLKJNHBGVFCXDZXDCFGHJKLJHGFCDKdxfghjkjhgfcxdcfghujhgfcghjJKLÖLKJHGFDCXSZDFGHJIKLKJHGFDSDFGHJKJHGFDSDFGHJKLDFUsxdcfvgbhnjhgvcfxcvgbhjnhgfcxfGFDSDFGYHGFDFGHJKHGFDSADFGHJKJNHBGVFCDXSZDFGHJKLDxcvgbhjkhgfdxfgyhuiojhgfcxdfcgh,jkhbvGVFDSDFGYHJIKJHBGVCFXDZSDFGHJKLKJHGFDSZXDC,KfhjkjhgfdfghfgcdxcfgvhfcdxGBHNJMK,LKJHGVFCDSXDCFVGHJKJHGFCDXSDFGHJKLKJHGFCDXZSXKjsdfgbhnjmkl,kjhgfdszadxcfvgbhjklkjhgvfcdxzsdfghjihgfdxsdfghyjihgfcdxcfghjFVGHGVcvgbhgfcghgfcdxfgfcxdfgfcdfghvcfxcyvbhgfdsxcfvgbhnjbhgvfcdxfcvgbhjnhbgvcfdfguydlinghshjhsdjsjhdijeiudhiedhihidhhidghgtytfdqwertyuiopoiuhgfdsasdfghjkjhgfdsasdjsedrftgyhfgdfcgvhjihuyftcdxcftgyhijugfcdguhigfcxfcgyuhijhguyftdrtfyguhijhugcfhjfgygytfdrtfgyhftdrtfgyjhigytdrsdrftgyhijhguyftyguhijokihugyftgyuhijhguyftyguftydrtfgyhjiugytfdrseaAwsedrtfgyjhgcxzsedrtfyguhijhugyftdrsdtfgyhjkhgyfdxcgyuftcxxxdrcftvgyhjihytcrxzwsedrtfgyjiuytvcrxezwaesdrtfgyjhiuytfdrsedrtfgyjhihuyftdrtfudftgyuhijuytdrsaedrtfyguhijguyftdrserdtfyguhijhguyftdrtfgyhijhguyftdresrdtfgyiigggggesdrftgyuiuyftdrtfgyuhijuytfdrserdtfyguhijhuytdrserdtfyguhijuytfdrtfyguhiidrtfyghuytdrsrdftgyuiytfdrtfyguhihuytfdrtfgyhijokjiugyftyguhijokjihguyftyguhijdcegnwer6t7y87tdrsdtfyguiyftdrstfyguiyftdrtfyguiygftdrsxdcgvfyhtcfvyguhiuygftctfdftyguhijuytrxdzfctgyuhijhguyftcdxfctyguhijhguyftcxdcgyuhijohguycfxcghijokjihgjdftgyuhfdrftgyuygftyguiytfgyhijohguyfcgyuigyftcgyuhiougyfcgyuighuighfcuighcugfcfdyguhijudtfytdftfyguygcyugycgvhjbvhjioihbvhbjihvgcyuiughvhijojihbvjihvghijhvgu=tfgyughyftdxrtfgyutdrtfyguhijuytrxtfyguhijhguytcyguhijoihguyftfyguhijhugyftdrtu""","[""13%""]",0.0,f462dba0-0328-11f0-8cb7-478b9c7ecc6a.jpg,65ddec64aa4ca4a77835a10b,63a0334ac47225001391c93e,67d81170f0e3c4b4cffaba91,"[""13%""]",2850,2025-03-17 12:11:29,0.0
"""Om repet klipps enligt bild, hur många repbitar får man?""",images/b97a140d-3c7b-43d5-bc9d-b2011e2bd40b.png,"{""total"":3,""image"":1,""element"":1,""line"":1}","""""","[""7""]",0.0,ec015ed0-24c7-11f0-83d7-e184f409e956.jpg,6581a95ab08ad85a91841275,5ffd7f593c4ab33fdf5adacf,68107988036fd78c365ba937,"[""7""]",3,2025-04-29 7:02:33,0.0
"""Skriv talet i decimalform.\n\nfyra femtedelar $ = $""",,"{""total"":6,""rectangle"":1,""line"":4,""element"":1}","""""","[""0,8""]",0.0,c2c1cc80-9213-11f0-9a58-a7d07bc54a53.jpg,66e81bb94a28f2e3d24c8663,63217a93de72b1001371d35a,68c7d7e90468921263f83e45,"[""0,8""]",6,2025-09-15 9:10:02,0.0
"""Cassandra och Derya ska bo i Boris sommarstuga. \n\nVilka två geometriska geometriska figurer finns inte i bilden?""",,"{""total"":7,""element"":4,""circle"":2,""free"":1}","""2323""","[""Pentagon"",""Romb""]",0.0,0cba9190-3f81-11f0-8810-6f54f0cd01dc.jpg,65b3cf61b0cf13e938997016,68123616e5cfdaa8fd2a89f0,683d4f0a63cf2c05774206c1,"[""Romb"",""Pentagon""]",7,2025-06-02 7:13:15,0.0
"""Zacharias har ritat ut tre av hörnen i en rektangel $PQRS$ i koordinatsystemet.\n\nSkriv koordinaterna för punkt $S$.""",,"{""total"":5,""element"":2,""line"":3}","""""","[""1,4""]",0.0,08c134a0-25ea-11f0-aab0-05d97842bd72.jpg,656025a05460369c73729846,6670738b3a515ebc2599f278,681260433abc6dbfd7955f44,"[""(1,4)""]",5,2025-04-30 17:39:15,1.0
"""Lös ekvationen.\n\n$3x = 2x + 5$""",,"{""total"":58,""circle"":2,""line"":4,""free"":24,""element"":28}","""Detta\när\nBertil!\nHan\när\nJättefin!""","[""5.""]",0.0,53bf5130-105f-11f0-8e34-57bf027de1e7.jpg,64d373d92c12ab2b57a0fd92,657b115a51dee4a78bd30dd5,67ee3c1e0e86066954afaf91,"[""x=5""]",58,2025-04-03 7:43:26,0.0
"""Beräkna.\n\n${\\Large \\frac{3}{6}}+ {\\Large \\frac{2}{6}}=$""",images/62d04575-fc1e-4ced-91a4-b142639ca3db.png,"{""total"":6,""image"":2,""element"":3,""line"":1}","""=5\n6""","[""[5/6]""]",0.0,2450b430-0ae6-11f0-aa01-2178893a908b.jpg,647489050be25b001f7d49d7,65573eab1a403bb624788bc9,67e50d5143fca23baf968e15,"[""[5/6]""]",6,2025-03-27 8:33:22,1.0
"""Beräkna med överslagsräkning.\n\n$198{,}9+705{,}25-217{,}79$""",,"{""total"":22,""element"":20,""line"":2}","""200900+700-200=900700""","[""700""]",0.0,d9d6d730-0b45-11f0-8c59-01358326ec8f.jpg,6708649e64a0ee2f51c1416b,6331716fe57af500135f2c26,67e5ade40a11e8969925d2d7,"[""700""]",22,2025-03-27 19:58:29,1.0
"""Visa hur du löser uppgiften.\n\n$0{,}7 + 0{,}54 = $""",,"{""total"":13,""element"":10,""line"":1,""free"":2}","""10,7+0,54=124""","[""1,24""]",0.0,f9b338a0-fb37-11ef-8d35-357bf2b9aa05.jpg,66c3d6fbe593c070de2ddc1a,64d329c6f808a6ad31282aec,67cabeaa428406970df8e082,"[""1,24""]",13,2025-03-07 9:38:50,1.0
"""Hur stor andel är vit?""",images/7bc09386-2330-41d9-afcd-66dc7145b695.png,"{""total"":12,""free"":4,""circle"":1,""line"":2,""circledfraction"":1,""element"":4}","""1\n1\n2\n3""","[""${\\Large\\frac{3}{4}}$""]",0.0,c829d7a0-2f06-11f0-b538-edf864f1c2e1.jpg,66d17174aad6624c53ea372c,641c6fb26c6daf00134437d5,6821a9f6f4df3c95788c5319,"[""${\\Large\\frac{3}{4}}$""]",12,2025-05-12 7:57:43,1.0
"""Hur stor del av figuren är färgad?\n\n$3{,}5 \\hspace{0.5cm} 0{,}45 \\hspace{0.5cm} 0{,}6 \\hspace{0.5cm} 0{,}9$""",,"{""total"":38,""element"":2,""free"":1,""line"":34,""circle"":0,""rectangle"":1}","""""","[""$0{,}6$""]",0.0,2062ea00-9524-11f0-aba0-5f064fda0ac4.jpg,66b738f99f4aa17382b761c6,63eb4a53b7cf950013275739,68ccfbdc391fe74582c98560,"[""$0{,}6$""]",38,2025-09-19 6:44:44,1.0
"""Vilka koordinater har punkten $G$?""",,"{""total"":7,""element"":5,""line"":2}","""(1,-4)""","[""(1,-4)""]",0.0,0a5de480-fcf4-11ef-8412-b7869a436ea5.jpg,66ba88c7acf548936806afc9,6593fdcf05d1c2c7f64989f4,67cda7af14736e7c2eb0c53c,"[""(1,-4)""]",7,2025-03-09 14:37:35,1.0
"""Beräkna arean av en rektangel som har basen 4 dm och höjden 0.75 dm.""",,"{""total"":11,""element"":5,""rectangle"":1,""free"":5}","""...\n..""","[""3""]",0.0,f2e2a6a0-1473-11f0-93e1-e5e56263bccd.jpg,65015429d8be06f52e3914e3,65607ab0acdcfdee99ec86f9,67f514b374bcf2a74d40879a,"[""3dm^[2]""]",11,2025-04-08 12:21:08,0.0
"""Vad är $15\\%$ av 300?\n\n$\\quad n=15\\% \\cdot 300$\n\n$\\quad n=0.15 \\cdot 300=$""",,"{""total"":35,""element"":16,""line"":12,""circle"":1,""free"":6}","""15100006r10=15100""","[""45""]",0.0,c7054fa0-4511-11f0-ad39-af66eb901767.jpg,683978b3da0de61c703fde3c,671b50bf4ecaa9fe15ef8853,6846a5569e1e936732882a02,"[""45""]",35,2025-06-09 9:11:51,0.0
"""Vilket fattas i talföljden?\n\n$1,4,7,10,\\underline{\\hspace{0.5cm}}$""",,"{""total"":14,""element"":12,""circle"":2,""free"":0}","""3\nhopp\n10+3=13""","[""13""]",0.0,f27e2810-2e54-11f0-b326-89f2a0c5e8e7.jpg,66ba2c5b2b1c87684210aed7,658c02dd500ebd5591e49e09,68207f9b2623002689c011b1,"[""13""]",14,2025-05-11 10:44:43,1.0
"""Med hjälp av klossar kan du bygga en trappa. Bilderna visar hur trappan ser ut om den har ett trappsteg, två trappsteg och tre trappsteg. \n\nHur många klossar behöver du för att bygga en trappa med tio trappsteg?""",images/179a4f90-c8b4-4023-8a23-0a531cc0f67f.png,"{""total"":50,""element"":7,""line"":43,""circle"":0}","""55\nblock""","[""55""]",0.0,586a4bc0-91fd-11f0-8836-9d7b4c6a2fc6.jpg,66c3194c2ee38fcd3fde3a2d,62ff944f47e61c00137b3b2e,68c7b24e0468921263edeb6f,"[""55""]",50,2025-09-15 6:29:35,1.0
"""Leo delar upp sina fotbollskort i 4 pärmar. Det blir 78 kort i varje pärm. Hur många kort har han? \n\n*Visa hur du löser uppgiften.*""",images/83b986f6-056d-4532-a710-57e00700c61e.png,"{""total"":322,""element"":8,""image"":17,""highlight"":122,""free"":152,""circle"":9,""trianglesymmetricvertical"":5,""line"":8,""rectangle"":1,""text"":0}","""4×78=272""","[""312""]",0.0,90668780-0e01-11f0-8eed-d586796e9f5a.jpg,66cd83d90c26e7b4043e9034,5c6306eecd8e12f1a7804f90,67ea43d1e785fc88c5af1d79,"[""312""]",322,2025-03-31 7:27:13,0.0
"""Jennie förhandlar om sin månadspeng. Hon tycker att månadspengen har ökat alldeles för lite. Hennes föräldrar tycker att den har ökat mycket.\n\nGör ett linjediagram som Jennies föräldrar kan använda för att visa för Jennie att månadspengen har ökat mycket.\n\nHur stor skulle månadspengen vara år 2016 om den ökade i samma takt som året innan?""",images/7a15f520-d259-4296-ab35-c73a352aa54c.png,"{""total"":3,""element"":1,""line"":2}","""""","[""Klar""]",0.0,5196b720-37b7-11f0-8bfa-e7e6b2a58150.jpg,62f36760e622ed0020de1974,63a413a96bded90014cd12f8,68303e1d5895a9bcdce6c3e8,"[""Klar""]",3,2025-05-23 9:21:34,0.0
"""En linje som beskriver ett proportionellt förhållande går genom punkterna $(2,6)$ och $(6,18)$. Rita linjen i koordinatsystemet, och svara sedan med vad proportionalitetskonstanten är.""",,"{""total"":7,""element"":2,""line"":5}","""""","[""3""]",0.0,6bc77140-fe7b-11ef-a85d-f79c3d7bb2bf.jpg,66d9c2df4e10ad29bad2888d,657992dbbc2367ffee3a05fe,67d0384f0ec72d56861e3db3,"[""3""]",7,2025-03-11 13:19:12,0.0
"""Beräkna rektangelns area. Sidornas längder är $5$ cm och $2$ cm.""",images/ba83ad8c-0537-4d5e-bee0-5f0e6bf0f7fa.png,"{""total"":7,""rectangle"":1,""element"":6}","""5×2=10""","[""10cm^[2]""]",0.0,86daa910-298d-11f0-a602-690639169a53.jpg,679c8153768cb3768b673099,632b49d5f63f0000140d5f0e,68187b0bacb6b15dd5d67e92,"[""10cm^[2]""]",7,2025-05-05 8:47:08,1.0
"""Skriv talet $\\Large\\frac{11}{6}$ i blandad, enklaste form.""",,"{""total"":25,""element"":6,""circle"":2,""free"":11,""line"":6}","""1\n56\n516""","[""1[5/6]""]",0.0,86a27830-3237-11f0-a0d9-c766a6ca5ce9.jpg,651e6a56fdf1753effc62257,604e575d38263cc3ad30ceba,6827043b9053d3e33f803b18,"[""1[5/6]""]",25,2025-05-16 9:24:11,1.0
"""Vilken siffra är tiondelssiffra i talet $0{,}245$?""",,"{""total"":15,""element"":4,""free"":0,""line"":11}","""0,245""","[""2""]",0.0,2704fa50-9926-11f0-adaa-1de62e46866f.jpg,65368ac02ebaf190e0f0574d,641d72c08ba9af00120b3de3,68d3b53f7d0bd456d3bbdd92,"[""2""]",15,2025-09-24 9:09:19,1.0
"""${\\Large\\frac{4}{9}}+{\\Large\\frac{2}{3}}=$""",,"{""total"":52,""element"":14,""partpartwhole"":1,""free"":29,""numberframepoint"":3,""circle"":5}","""429+3\n46=109+99""","[""[[10]/9]""]",0.0,d7686250-3491-11f0-8bfa-e7e6b2a58150.jpg,6630d126cb43f16b04427293,635f8bf88313ec0013633311,682af6bf4a8cfdabc52e6936,"[""1[1/9]""]",52,2025-05-19 9:15:44,1.0
"""Beräkna.\n\n $9 \\cdot  2=$""",,"{""total"":88,""highlight"":1,""numberline"":86,""element"":1}",""".""","[""18""]",0.0,872157b0-0fb2-11f0-a2e9-abd236092e10.jpg,66ba94b2d1a9412eae21b85d,6581aa87c655a8fb4645be97,67ed1a3514581e463185d725,"[""18""]",88,2025-04-02 11:06:30,0.0
"""Hur många grader är vinkeln? Välj rätt alternativ.""",,"{""total"":8,""element"":6,""image"":1,""protractor"":1}","""vkfojo""","[""120°""]",0.0,d3320ae0-0329-11f0-a6aa-81ed6c502eee.jpg,66b734fd37c07e1e6330e69e,6335def2b831fb00133520d2,67d812e6e9bedec698bde6ff,"[""120°""]",8,2025-03-17 12:17:42,0.0
"""Mät vinkeln. Gradtalet ska sluta på 0 eller 5. Använd gradskivan bland verktygen.""",,"{""total"":2,""element"":1,""protractor"":1}","""""","[""25""]",0.0,c1b6c960-3482-11f0-a705-df4bc4e91aae.jpg,66ba982b83f4f1520de28981,6790e8be27b7ed119132ce6d,682add71903734921feba54e,"[""25°""]",2,2025-05-19 7:27:45,0.0
"""Använd huvudräkning och skriv bara svaret.\n\n$150-70=$""",,"{""total"":48,""tiles"":38,""free"":1,""element"":8,""line"":1}","""150-70=80""","[""80""]",0.0,74faa000-97a7-11f0-87b3-570272ca7a69.jpg,68bac1e02713b478d1d8c064,63ef4aab48814e0013010c2b,68d133308814f7f47f8f7ec6,"[""80""]",48,2025-09-22 11:29:53,0.0
"""I en fruktskål finns 9 päron. Allan tar $\\Large\\frac{1}{3}$ av alla päron. Sedan tar Bertil hälften av päronen som finns kvar. \n\nHur många päron finns kvar efter det?""",,"{""total"":4,""circledfraction"":1,""element"":3}","""""","[""3""]",0.0,5f5ddd20-8d5c-11f0-b16d-d3af078c8431.jpg,66b2dda0bc116c259ee45ad8,65573e0e1a403bb624788572,68bfee402686dc94b9da9cb8,"[""3""]",4,2025-09-09 9:07:13,0.0
"""$3 \\cdot 0{,}6=$""",,"{""total"":11,""element"":7,""free"":2,""circle"":1,""highlight"":1}","""iuöearg""","[""1,8""]",0.0,234a26c0-8a34-11f0-94a4-13d3caf872b5.jpg,65117bbbbfa7d70b8580fc49,632c20f4a9fe370013b63f8c,68baa242fbdb2875b42db828,"[""1,8""]",11,2025-09-05 8:41:39,0.0
"""Beräkna.\n\n $36 - 14=$""",,"{""total"":28,""coins"":1,""element"":27}","""222222222222222222222222222""","[""22""]",0.0,39f1c1e0-8966-11f0-8c25-3f016c25c307.jpg,651bbb6b0f2cc98bc54c144c,654a0e5b5dece7154e527b51,68b948ccaf650b828ba8bed3,"[""22""]",28,2025-09-04 8:07:40,0.0
"""Jennie förhandlar om sin månadspeng. Hon tycker att månadspengen har ökat alldeles för lite. Hennes föräldrar tycker att den har ökat mycket.\n\nBeskriv hur du har gjort för att få diagrammen att se olika ut.\n\nOm månadspengen fortsätter att öka lika mycket som mellan 2013 och 2014, hur mycket får Jennie då 2016?""",images/7a15f520-d259-4296-ab35-c73a352aa54c.png,"{""total"":70,""line"":0,""free"":0,""element"":70}","""jagså\nsepparerademerpåårenochattdeserutsomattdetär\npåpengensåmerurdraget""","[""Klar""]",0.0,3983b240-318c-11f0-a0d9-c766a6ca5ce9.jpg,62bef16ccde5e5001f0dbf6f,63a413e26bded90014cd1425,6825e4d52623002689c33583,"[""Klar""]",70,2025-05-15 12:57:58,0.0
"""Tea tog $9$ jordgubbar. Sedan tog hon $8$ till. \n\nHur många jordgubbar har hon nu?""",images/96ac0831-372a-4c99-8460-5cf74582ac17.png,"{""total"":10,""free"":4,""placevaluechart"":1,""element"":5}","""+64yr""","[""17""]",0.0,74627660-920f-11f0-9a58-a7d07bc54a53.jpg,66c309ecc088da44892d7ee8,6582d3165f61a6e4899a1c9f,68c7d0b08e7b4f8f77cc4fcc,"[""17""]",10,2025-09-15 8:39:13,0.0
"""Beräkna.\n\n${\\Large\\frac{10}{8}}=$""",,"{""total"":35,""free"":0,""line"":7,""element"":28}","""01,2581000-010-8020-1640-40=00""","[""1,25""]",0.0,65ced2d0-309c-11f0-93f2-d19319459d45.jpg,64d5adbaa547d69307815988,655741ba8ce1ab2bc71e05b0,682452792623002689640252,"[""1,25""]",35,2025-05-14 8:21:13,1.0
"""Diametern är $4$ cm. Beräkna omkretsen. Använd att $\\pi$ är ungefär lika med $3$.""",images/6df3d1dc-5e8f-4f5a-bf89-3c6a7bfe3988.png,"{""total"":96,""image"":11,""free"":55,""trianglesymmetricvertical"":1,""rectangle"":1,""line"":4,""triangleright"":2,""circle"":1,""highlight"":1,""element"":20}","""111\n111\n\n\n%%%%%%%//\n%%%%""","[""12""]",0.0,dbb72df0-ff26-11ef-a1ac-250ef625834a.jpg,64119ab44d587e001f8b3745,632a16bf7618950013918dad,67d157ef9af38f44ab061d14,"[""12cm""]",96,2025-03-12 9:46:23,0.0
"""Beräkna.\n\n$483+781=$""",,"{""total"":76,""image"":4,""free"":26,""element"":45,""triangleright"":1}","""----------wyg9huq-----------min-kod----------""","[""1264""]",0.0,c6bac530-4529-11f0-bc26-f7ca2e0629b9.jpg,65b8c3b9849ecafe7d7c712d,654a0d1996b75c2451f815bd,6846cd9a77ede479883de645,"[""1264""]",76,2025-06-09 12:03:38,0.0
"""Vilken enhet passar bäst?\n\nEtt badkar rymmer $200 \\  \\ \\underline{\\hspace{0.5cm}} $.""",images/a889a3c8-c5a6-49c4-91b6-378e9e621ec6.png,"{""total"":10,""free"":6,""circle"":1,""element"":3}","""en\nl""","[""l""]",0.0,69d2c8d0-4048-11f0-8cb9-9fa72f2334cf.jpg,67ac79f61163738672aad881,6582d5b95f61a6e4899a3458,683e9d847fe387cecccb7217,"[""l""]",10,2025-06-03 7:00:21,0.0
"""Annelie sätter upp ett staket med 30 plankor som sätts bredvid varandra. Varje planka är $1{,}8$ dm bred. Mellan varje planka finns ett mellanrum som är 2 cm brett. \n\nHur brett blir hela staketet? Svara i meter.""",images/eacf611c-c5cb-47a7-a455-c9435f460a23.png,"{""total"":113,""element"":14,""line"":1,""free"":98}","""2cm2cm\n1,8dm18cm""","[""5,98""]",0.0,58a7c450-027e-11f0-b952-0dfe09792416.jpg,61ea71c0cd40960028a10a5a,5a97f087109135923057335c,67d6f3340296333f5076f4ba,"[""5,98m""]",113,2025-03-16 15:50:13,0.0
"""Vilket tal är $x$?\n\n$5 \\cdot 6-{\\Large\\frac{x}{5}}=25$""",,"{""total"":9,""element"":2,""highlight"":0,""free"":1,""image"":0,""rectangle"":5,""line"":1}","""""","[""25""]",0.0,70b186a0-fb51-11ef-8361-c18b5a25082c.jpg,63e23febd33940001e4405c9,633185a9fb60470013783d57,67cae963428406970d08ef11,"[""x=25""]",9,2025-03-07 12:41:08,0.0
"""Rita en triangel som har en trubbig vinkel. Vad gäller för den trubbiga vinkeln? Den är...""",,"{""total"":12,""line"":2,""element"":10}","""större\nän\n90""","[""större än 90°""]",0.0,9a6e5940-2334-11f0-982f-81371fd0689e.jpg,634d2ba9b9bc18001f692b20,631b21284569d5001346c860,680dd4e08fb0c00e8a33d7c2,"[""större än 90°""]",12,2025-04-27 6:55:29,1.0
"""Björn har byggt en trappa, och ska nu måla trappans båda sidoväggar. \n\nVarje steg av trappan har samma dimensioner. Vad är den totala yta som Björn behöver måla?""",images/f57a28dc-12b5-42c6-b2ac-b707cd318e7a.png,"{""total"":60,""image"":1,""free"":29,""element"":29,""line"":1}","""6+6+6+6+96=\n24+96=120\n196+24=120""","[""120dm^[2]""]",0.0,d2cfe8d0-12ef-11f0-96c4-6784e3010d46.jpg,65609ecf247950d83d83f7e5,65573ffce971691acc812dae,67f28989e35e44dd9affb3fa,"[""120dm^[2]""]",60,2025-04-06 14:02:49,1.0
"""Linjediagrammet visar hur Lisa har vuxit under sina första 12 levnadsår.\n\nHur många centimeter växte Lisa med från när hon var 3 år till när hon fyllde 6 år?""",,"{""total"":14,""free"":2,""element"":10,""line"":2}","""100cm120cm""","[""20cm""]",0.0,8ba7c990-2fc4-11f0-8589-0584a7a27efd.jpg,66bdea04e4556c6dea9502e2,65294694256ee9dd59118ca9,6822e855b69adfcacc8762c2,"[""20cm""]",14,2025-05-13 6:36:05,1.0
"""Lös uppgiften och skriv svar.\n\n$1-{\\Large\\frac{1}{5}}=$""",,"{""total"":10,""element"":3,""circle"":1,""line"":5,""free"":1}","""=5\n4""","[""[4/5]""]",0.0,7c51ba50-29ac-11f0-9823-717ac497a6d6.jpg,63ca8221781cfb001ff7e6c8,61cc1ed46ee51e0018312ad8,6818aefd17082771f6a2deec,"[""[4/5]""]",10,2025-05-05 12:28:45,1.0
"""Ove har $9$ karameller. Han äter upp $3$ av dem. Hur många karameller har Ove kvar?""",,"{""total"":7,""trianglesymmetricvertical"":6,""element"":1}","""""","[""6""]",0.0,266bac60-0a1f-11f0-89f3-f9d204bac628.jpg,66c84bc8d06340eaf6cb1f5f,6581aa38567cbacb9488ef75,67e3bf77adbf2b8bf5bac5e0,"[""6""]",7,2025-03-26 8:48:55,0.0
"""Rita figur 5. \n\nHur många prickar har figuren?""",images/cf3a405f-b9e1-4214-b4a3-6ac3e63ef17e.png,"{""total"":13,""element"":3,""coins"":10}","""x\nx\nx""","[""11""]",0.0,a9764e70-fddc-11ef-913d-f5bde3e43dc2.jpg,66e221b2ebe1c844fe154bf3,669e070cc15fa6656edcb7ba,67cf2df53b29ecd3f0b0f7d7,"[""11""]",13,2025-03-10 18:22:45,0.0
"""Vilket ord fattas? \n\nFör att hitta den totala volymen av figuren bör vi $\\underline{\\hspace{1cm}}$ volymerna av $F1$ och $F2$.""",images/56796b3d-fe8e-4a3f-868b-ac5df001097b.png,"{""total"":11,""rectangle"":4,""line"":1,""element"":4,""free"":2}","""f1f2""","[""add""]",0.0,0bfa05d0-9335-11f0-be12-b7432a05c4d7.jpg,68bcdfef5f7008b9677b4ef4,646e198155493500133a5b3d,68c9bd419d95547c9ebdfa26,"[""add""]",11,2025-09-16 19:40:50,0.0
"""Vilka tre bråk har värdet $\\Large\\frac{1}{3}$?""",images/3c4aae25-a97b-4b70-a6fd-df90315b1114.png,"{""total"":64,""element"":4,""free"":47,""line"":13}","""4323""","[""$\\Large\\frac{2}{6}$"",""$\\Large\\frac{4}{12}$"",""$\\Large\\frac{3}{9}$""]",0.0,7dbb5c40-fb24-11ef-b249-132ae7c0434f.jpg,61dc1100d35ad0001e50f602,668b8e5d9c76df837edb23c6,67ca9dfa5f23c2c5702c53d5,"[""$\\Large\\frac{4}{12}$"",""$\\Large\\frac{3}{9}$"",""$\\Large\\frac{2}{6}$""]",64,2025-03-07 7:19:22,0.0
"""Hur många procent är ${\\Large\\frac{44}{200}}$?""",,"{""total"":43,""element"":17,""free"":24,""line"":2}","""4422002\n22100\n0,22\n22""","[""22%""]",0.0,cf929f90-fc2f-11ef-95ba-479546b63de3.jpg,66c4924ecdae4903b8f67d1b,63466d948a8cbe00145b8c07,67cc5e77fbfe3de886fa90b7,"[""22%""]",43,2025-03-08 15:12:55,1.0
"""Beräkna $92{,}03-6{,}21=\\space?$. Använd dig av uppställning. Visa hur du räknar!""",,"{""total"":14,""element"":13,""line"":1}","""92,036,21=85,82""","[""85,82""]",0.0,180095b0-954c-11f0-bc0f-05ade37ac82c.jpg,651e79a3cde69679b402899e,6125f1395945710019470fec,68cd3eea7f680c01fe3f0e36,"[""85,82""]",14,2025-09-19 11:30:50,1.0
"""En äggkartong innehåller 6 ägg.\n\nHur många ägg finns det i 8 äggkartonger?""",images/7080a6eb-5772-4d0c-87d2-7ef6549ae2bd.png,"{""total"":21,""element"":18,""tiles"":3}","""111111\n111111\n111111""","[""48""]",0.0,689349b0-f4f6-11ef-9153-535648b1528e.jpg,67453887077d6fdfee4f353e,654a0f69ebb97cb2403eff19,67c03fae16ebe99537c40197,"[""48""]",21,2025-02-27 10:34:23,0.0
"""Beräkna.\n\n$17 \\cdot 100 = $""",,"{""total"":80,""free"":24,""line"":32,""element"":22,""highlight"":2}","""88\n8\n8789078900789\n777777""","[""1700""]",0.0,58b58b80-138b-11f0-b84f-23168f1c56ff.jpg,679c87ec9e69a804e57ba55c,654a0bf8c57e7d5ad276b5ef,67f38e7662b0868ad93cf469,"[""1700""]",80,2025-04-07 8:36:06,0.0
"""Lukas hade $200$ kr. Han köpte en tröja för $50$ % av pengarna. Hur mycket pengar har han sedan kvar?""",,"{""total"":27,""image"":1,""free"":4,""element"":20,""line"":2}","""50=100\n100=200\nprocent""","[""100 kr""]",0.0,a1b5f140-9206-11f0-853f-1f43edd59093.jpg,64d5af1a1aaa5aade66a289f,63ecd32826e4d00013a8f9f1,68c7c1e35910a495b4373efa,"[""100 kr""]",27,2025-09-15 7:36:03,1.0
"""En rektangel har omkretsen $36$ cm. Rektangeln är dubbelt så lång som bred.\n\nHur bred är den?""",,"{""total"":9,""free"":0,""rectangle"":1,""element"":8}","""12\n6\n6\n3612""","[""6cm""]",0.0,fffcafa0-1498-11f0-8166-5fd8a4033f5c.jpg,66ec2f2e2e986a53161a7c53,6320955286ec750013eca087,67f552dd31ec5adf947d6cc0,"[""6cm""]",9,2025-04-08 16:46:21,1.0
"""$4$ dm =  $ \\underline{\\hspace{1cm}}$ cm""",,"{""total"":162,""coins"":5,""tiles"":132,""highlight"":5,""free"":1,""element"":19}","""ghyjkkkkkkkkkkkkkk\nk""","[""40""]",0.0,caee33f0-0eea-11f0-9d34-4d2c83f26092.jpg,66cc54de03f44fced5a2ee2d,62ff965378c38100137d8cda,67ebcb1cbbabfe7a10b9e89b,"[""40cm""]",162,2025-04-01 11:16:44,0.0
"""Priset på jackan sänks med $30$ %. Hur många kronor sänks priset med?""",images/1b8b30d1-77a5-4740-8283-89381e985747.png,"{""total"":56,""element"":30,""rectangle"":1,""free"":16,""line"":9}","""1500/10=150(10%)\n150x3=450(30%)""","[""450""]",0.0,60843ce0-242e-11f0-982f-81371fd0689e.jpg,641c28ae8845eb001fd366f0,63394c58b831fb001339aa35,680f77ed519257a4691665b7,"[""450kr""]",56,2025-04-28 12:43:26,1.0
"""En kvadrat har omkretsen $28$ cm. Beräkna arean.""",,"{""total"":33,""rectangle"":1,""element"":19,""free"":13}","""28/2=14\n14/2=7\n7*7=49""","[""49cm^[2]""]",0.0,d0f1f540-1609-11f0-8166-5fd8a4033f5c.jpg,660e58c7eccb1a00555275ef,6342f123279d0300137bd1d6,67f7bda2d289452960e83f98,"[""49cm^[2]""]",33,2025-04-10 12:46:27,1.0
"""Bestäm vinkeln $x$.""",images/43129c2a-bcef-4dbf-82f3-bab954f9f9f8.png,"{""total"":51,""rectangle"":1,""free"":45,""element"":5}","""?????""","[""38,5""]",0.0,26d482c0-04ad-11f0-aa1f-9b56119e2144.jpg,66e40753d852fcc1f196ab3e,5f97dfee3c4ab33fdf14bb7e,67da9cb96a841307fbca3d67,"[""38,5°""]",51,2025-03-19 10:30:18,0.0
"""Hur stor andel av figuren är färgad?""",images/56b0fa65-ed80-4744-9845-9655060cdaf1.png,"{""total"":15,""free"":6,""image"":1,""element"":4,""line"":4}","""1111""","[""[1/4]""]",0.0,2c0d4700-880f-11f0-a7f1-8b29c725296c.jpg,62efa5127682d9001f2104d6,62601acfd6881b00123e9a7a,68b7093fae4091b897115655,"[""[1/4]""]",15,2025-09-02 15:11:59,0.0
"""Skriv ett uttryck för antalet blåa cirklar som krävs för $n$ rosa cirklar.""",images/9c20a1bb-f5d4-439a-8f69-b4f0403d68f1.png,"{""total"":27,""free"":20,""circle"":3,""element"":4}","""4n+2""","[""4n+2""]",0.0,aa9b6d30-28c0-11f0-a602-690639169a53.jpg,67876c18de03d1a2be28b247,65607d6ffe1f692db81932dc,681723595224e7109c7cb681,"[""4n+2""]",27,2025-05-04 8:20:41,0.0
"""Hur stor area har figuren? Svara i kvadratcentimeter.""",,"{""total"":18,""line"":9,""free"":5,""element"":4}","""bukb""","[""7""]",0.0,42441ff0-1477-11f0-93e1-e5e56263bccd.jpg,62f03a152a6b43001f178c83,65bb9dea3d1acfc741e34679,67f51a41c9b527987a3e894e,"[""7cm^[2]""]",18,2025-04-08 12:44:50,0.0
"""Använd huvudräkning och skriv bara svaret.\n\n${\\Large \\frac{350}{50}} = $""",,"{""total"":6,""line"":1,""element"":5}","""35050""","[""7""]",0.0,886ab2d0-1f64-11f0-a210-6f1bb0ea4f97.jpg,64dc4849104104e0c288d7bd,64d329bcf808a6ad31282861,68076f4d42a1e99a89602c33,"[""7""]",6,2025-04-22 10:28:30,0.0
"""Under en vecka föll det så här mycket regn i Säffle: \n\nVilken är medianen?""",images/81f76b38-808f-42de-bffb-8a5a0d63995f.png,"{""total"":11,""line"":2,""circle"":1,""element"":8}","""0,0,0,5,6,7,10""","[""5mm""]",0.0,2fe0afc0-29e1-11f0-ba6a-c5656ada39b0.jpg,65ca11b0dfaa5013c1ded08a,63394ee9aa98dc0013caae86,6819076717082771f6c162a4,"[""5mm""]",11,2025-05-05 18:46:00,1.0
"""På en bild i skala $1:2$ är en gaffel $10$ cm. Hur lång är gaffeln i verkligheten?""",,"{""total"":41,""image"":6,""free"":23,""tiles"":1,""coins"":2,""element"":5,""highlight"":2,""trianglesymmetrichorizontal"":1,""line"":1}","""30-5""","[""20 cm""]",0.0,b955cb00-8fb7-11f0-93c3-6d27d23941f6.jpg,689fb535967c91b052d60892,6421524a58f3340013002d36,68c3e282523c88da79a5e539,"[""20 cm""]",41,2025-09-12 9:06:10,0.0
"""${\\Large \\frac{770}{7}}=$""",,"{""total"":12,""element"":6,""fraction"":3,""free"":3}","""770\n110""","[""110""]",0.0,beb59040-8895-11f0-a7f1-8b29c725296c.jpg,67f4c7c39bc6729e0bc49447,62ff5ac478c38100137cba9c,68b7eb065848314abe16cad2,"[""110""]",12,2025-09-03 7:15:18,1.0
"""Beräkna.\n\n$4\\ 208+410+135=$""",,"{""total"":19,""element"":16,""numberframe"":3}","""+\n14208410135=4753""","[""4753""]",0.0,0e8c9240-15db-11f0-8166-5fd8a4033f5c.jpg,6791f1dab399201e0a307be8,654a0d5a1854c967d5d3fe00,67f76f2fbe50ca352f8b9f8e,"[""4753""]",19,2025-04-10 7:11:44,0.0
"""Vilket kvartal ingår månad 10, 11 och 12 i?""",images/0225edf6-4b7a-4e92-aca8-c8cc2ebca53b.png,"{""total"":18,""circle"":1,""free"":0,""line"":5,""element"":12}","""jf=m\non=D\nja=s\nam=j""","[""Fjärde kvartalet""]",0.0,5b354b50-20ee-11f0-9bf8-ede6d540e247.jpg,66b2dc05bc116c259ee43ab2,6682a6b980d68c4e7b8acaf3,680a0407fd25239ba5dcc2a8,"[""Fjärde kvartalet""]",18,2025-04-24 9:27:36,0.0
"""Lök kostar 5 kr/kg och apelsiner kostar 9 kr/kg. Anna köper 3 kg apelsiner och 1 kg lök. \n\nHur mycket får hon betala?""",images/c5543d1d-081c-46f1-93bb-aa1737659302.png,"{""total"":22,""free"":19,""triangleright"":1,""trianglesymmetricvertical"":1,""element"":1}","""\\dfrac{t^{2}\\overline{59}_{a}^{79}}{352}\\udots ""","[""32""]",0.0,8f30b2b0-0ba8-11f0-83ac-0d3ae938d05c.jpg,64ec59a175b89a8daa5d1113,654a0fad1854c967d5d40f95,67e6537fd6d4189e1edcc4cb,"[""32kr""]",22,2025-03-28 7:45:04,0.0
"""Arvid har en hamster. Hamstern har ett hjul som den springer i. Diametern på hjulet är 25 cm.\n\nEn dag springer hamstern 30 varv. Hur långt har den då sprungit? Räkna med att $\\pi \\approx3$.""",images/42042647-f29f-44b9-a9d6-01d182ed8f54.png,"{""total"":28,""element"":23,""rectangle"":5}","""30×390190×25450+180=2250""","[""2250""]",0.0,115ad490-203b-11f0-b869-d10370f94813.jpg,664eeb9fcc40c5d44ecf7788,669115f21c10568b51f03e58,6808d73bec33bb47d4b2f5f6,"[""2250cm""]",28,2025-04-23 12:04:12,1.0
"""Beräkna.\n\n$86-40=$""",,"{""total"":69,""highlight"":1,""free"":18,""trianglesymmetrichorizontal"":1,""circle"":1,""element"":48}","""_^2⇒⇒⇒⇒⇒⇒⇒⇒⇒⇒⇒⇒⇒⇒⇒⇒⇒⇒⇒⇒⇒⇒⇒⇒⇒⇒⇒⇒⇒⇒⇒⇒≈≈≈≈≈≈""","[""46""]",0.0,59ba25a0-3158-11f0-8b34-bb0a62b358cb.jpg,64d4cbb2f047bffe718839e3,657983f50120690a759d653a,68258dce766fbd858a0f4b68,"[""46""]",69,2025-05-15 6:46:38,0.0
"""Visa dina beräkningar.\n\n$25,3 \\cdot 8 =$""",,"{""total"":17,""element"":13,""free"":3,""line"":1}","""25,3×__8=202,4""","[""202,4""]",0.0,2ade3bc0-9d2a-11f0-98f5-63236175eec6.jpg,6500295c5ba6cfbcf691d8a7,61cc2a946ee51e0018312ae1,68da71f8983d3fdccc443442,"[""202,4""]",17,2025-09-29 11:48:08,1.0
"""Antalet stockar i högarna följer ett mönster. Hur många stockar är det i hög 4?""",,"{""total"":35,""element"":1,""circle"":0,""numberframepoint"":11,""free"":23}","""\\begin{aligned}1\\\\\n11111\\\\\n,rva\\\\\nv^{\\mu }v1112x+\\end{aligned}""","[""10""]",0.0,779bd960-88a1-11f0-8c10-d5f6fb644f6d.jpg,66c439b1039c993b1331fad5,657984403192af6ab6cd8cf2,68b7feb0f05627d36b7fc74c,"[""10""]",35,2025-09-03 8:39:13,1.0
"""Färglägg 3 av delarna. Hur stor andel är färglagd?""",,"{""total"":8,""highlight"":1,""free"":0,""element"":4,""line"":3}","""35\n0,6""","[""0,6""]",0.0,b946b740-322a-11f0-b519-092eabbdc2be.jpg,6710b4e3ff1517cd11ddccc5,657991f672c9f10dca547c02,6826eec02623002689e490b2,"[""[3/5]""]",8,2025-05-16 7:52:33,1.0
"""Skriv talet i decimalform.\n\n${\\Large\\frac{45}{100}}=$""",,"{""total"":18,""element"":7,""circle"":0,""equation"":2,""line"":9,""free"":0}","""45,00,45""","[""0,45""]",0.0,43ee6190-413a-11f0-a676-d3648a8c7ae3.jpg,662216e0caecc506c8ea2196,657984183192af6ab6cd8be4,68403347fdc7ee63df9d7cce,"[""0,45""]",18,2025-06-04 11:51:36,1.0
"""Skriv det binära talet $10001$ som ett naturligt tal.""",,"{""total"":23,""element"":7,""placevaluechart"":1,""free"":15}","""16+1=17""","[""17""]",0.0,88feb890-9a3e-11f0-87b3-570272ca7a69.jpg,689c4add3a6765d5b1592c14,632d9eb6c1001a0013ef6e3a,68d58ba67d0bd456d302b5a6,"[""17""]",23,2025-09-25 18:36:23,1.0
"""Nicole köper tre tröjor för sammanlagt 447 kr. \n\nVilket är priset per styck om alla tre kostade lika mycket?""",,"{""total"":41,""element"":10,""line"":14,""free"":17}","""12447=149=3""","[""149""]",0.0,c2733650-9700-11f0-87b3-570272ca7a69.jpg,65b3cf66b0cf13e9389970ec,68be8cd3882827ccca124756,68d01b847497a1d830e3ec33,"[""149kr""]",41,2025-09-21 15:36:37,1.0
"""Arvid har tagit fram 20 saker. \n\n- En fjärdedel är spadar.\n- En fjädredel är krattor.\n- Resten är hinkar.\n\nFyll i tabellen. Hur många spadar har han tagit fram?""",,"{""total"":23,""free"":17,""circle"":3,""element"":3}","""\\begin{aligned}\\dfrac{.1}{-1}\\cdot \\\\\n\\cdot \\end{aligned}""","[""5""]",0.0,2162b460-106a-11f0-a839-1d23e3ed59bf.jpg,637c90c33abf7b002080e394,67d2b441e857a379b42554f9,67ee4e3e11e54cfb3c00ef63,"[""5""]",23,2025-04-03 9:00:47,0.0
"""Beräkna.\n\n\n${\\Large\\frac{3}{5}} - {\\Large\\frac{1}{3}}=$""",,"{""total"":56,""line"":21,""element"":31,""free"":4}","""35\n13\n5x15x3\n515\n3x33x5\n915\n915\n515\n415""","[""[4/[15]]""]",0.0,dd992270-1521-11f0-a2bb-c1ff2b7c87e3.jpg,6508079f4d0c40d8878d8df0,65607e57acdcfdee99eca722,67f6387c1cd0ec285b2e7f2e,"[""[4/[15]]""]",56,2025-04-09 9:06:05,1.0
"""Sidorna på en rektangel är $4$ cm och $2{,}5$ cm. Hur lång är omkretsen?""",images/983dbd01-5697-4104-bfcb-ac9b4d4a7a3c.png,"{""total"":34,""line"":4,""element"":27,""free"":3}","""4\n4\n2,5\n2,5\nO=4+4=8\n12,5+2,5=5,0\n5+8=13""","[""13cm""]",0.0,80920300-0313-11f0-ae37-776ce154b44c.jpg,64dc4850449a599180d44c7c,632c399a6aeff60013f0b24a,67d7ed72eca040cb02f43bad,"[""13cm""]",34,2025-03-17 9:37:55,1.0
"""En vattendroppe består av ett halvklot och en kon. Klotets radie är 3 mm och hela höjden 8 mm. \n\nBeräkna vattendroppens volym.  Använd $\\pi\\approx 3{,}14$ och svara i kubikmillimeter avrundat till två decimaler.""",images/7553a212-c786-489d-9c26-1316210a9a6e.png,"{""total"":10,""element"":1,""free"":5,""rectangle"":3,""image"":1}","""\\begin{aligned}2\\\\\n.\\end{aligned}""","[""103,62mm^[3]""]",0.0,1e3130f0-1925-11f0-943e-4f5291464409.jpg,632aed13c50098001ffba702,657b1113bf49f3ac40b7dece,67fcf3ee7b90c0e5dc60269f,"[""103,62mm^[3]""]",10,2025-04-14 11:39:26,0.0
"""Skriv talet i bråkform.\n\ntvå femtedelar""",,"{""total"":4,""element"":3,""rectangle"":1}","""3\n25""","[""[2/5]""]",0.0,622a09e0-84b3-11f0-8660-fd5771297c3e.jpg,6320889dadcefc001f827239,63204b3d3763f20013965659,68b166c3d4aaba8e579716c2,"[""[2/5]""]",4,2025-08-29 8:37:23,0.0
"""Lös ekvationerna med balansmetoden.\n\n$6={\\Large\\frac{x}{8}}-14$""",,"{""total"":40,""element"":37,""line"":3}","""6=x-14\n8\n6+14=x-14+14\n820=x8=x.88=160=X\n20.8""","[""x=160""]",0.0,7f8f9d70-16b7-11f0-9a98-fde7a6c54e5e.jpg,6278d9b840e24a001f1160d1,639190680a51bc0013a218de,67f8e106d977019f62f71013,"[""x=160""]",40,2025-04-11 9:29:43,1.0
"""På temadagen är eleverna delade i 30 olika grupper: \n\n16 grupper med 13 elever i varje grupp. \n14 grupper med 12 elever i varje grupp.\n\nHur många elever är med på temadagen? *Visa hur du löser uppgiften.*""",,"{""total"":31,""element"":29,""line"":2}","""16×13=208\n14×12=168\n1208+168=376""","[""376""]",0.0,b94b7280-15ec-11f0-a50f-2d792ae74c0a.jpg,675aa9d503176cf905a32a14,61d4184e6ea22b0018d58cea,67f78cd3747a720a6e678ef9,"[""376""]",31,2025-04-10 9:18:11,1.0
"""Nova och Joar lägger rattar och däck i mönster. Vilket alternativ ska du välja för att kunna upprepa deras mönster?""",,"{""total"":18,""element"":15,""free"":2,""rectangle"":1}","""hhhhhbhhhhhhhhh""","[""C""]",0.0,7b211ce0-0dfd-11f0-8eed-d586796e9f5a.jpg,646ddfa9cc9ed7001f3676c4,61cc15d86ee51e0018312ad0,67ea3cf7c405e900f9a94355,"[""C""]",18,2025-03-31 6:57:59,0.0
"""Vilket bråk är störst, $\\Large \\frac{2}{3}$ eller $\\Large \\frac{3}{4}$?""",,"{""total"":11,""element"":6,""circledfraction"":5}","""2=33==4""","[""[3/4]""]",0.0,d971fc10-9ddb-11f0-a430-5564e62e6734.jpg,66ba2b0cbb3c6dedbf5d673f,6581ababa5585b513775114b,68db9c14102a8c3ebd23b53c,"[""[3/4]""]",11,2025-09-30 9:00:04,1.0
"""Vilket tal ska stå istället för frågetecknet?\n\n$3{,}5$ mil = ? km""",,"{""total"":34,""element"":25,""text"":0,""line"":9}","""m\ndm\ncm\nmm\nmil3,5\nkm35\nsvar:35km""","[""35""]",0.0,ddee4dc0-fbfb-11ef-95ba-479546b63de3.jpg,678f8cc5536a8edcbb3c99db,63316ebce59a080013404550,67cc07516f29db96f902afc3,"[""35""]",34,2025-03-08 9:01:05,1.0
"""Vilket tal är störst?\n\n$\\Large\\frac{1}{3}$ eller $\\Large\\frac{1}{4}$""",,"{""total"":6,""element"":4,""circledfraction"":2}","""djej""","[""$\\Large\\frac{1}{3}$""]",0.0,5f106380-29be-11f0-a602-690639169a53.jpg,650d3656d39a57e02520da4c,632b6e01c8754200134b96e7,6818ccfe5224e7109cb7ea35,"[""$\\Large\\frac{1}{3}$""]",6,2025-05-05 14:36:47,0.0
"""$0{,}9\\cdot 40=$""",,"{""total"":8,""image"":1,""triangleright"":1,""element"":6}","""9X4=36""","[""36""]",0.0,97b9d510-19c7-11f0-943e-4f5291464409.jpg,67511fa5f680152abfeaeb2b,63382385b831fb0013389769,67fe04844b57157e8382f631,"[""36""]",8,2025-04-15 7:02:28,1.0
"""Hur många procent av figuren är blå?""",images/6246a254-21dd-4f7e-8119-31f158841b61.png,"{""total"":295,""element"":259,""free"":10,""coins"":26}","""LLLLLLLLLLLLLLLLLLLLLLLLLLLLLLLLLLLLLLLLLLLLLLLLLLLLLLLLLLLLLLLLLLLLLLLLLLLLLLLLLLLLLLLLLLLLLLLLLLLLLLLLLLLLLLLLLLLLLLLLLLLLLLLLLLLLLLLLLLLLLLLLL\nLLLLLLLLLLLLLLLLLLLLLLLLLLLLLLLLLLLLL\nLLLLLLLLLLLLLLLLLLLLLLLLLLLLLLLLLLLLLLLLLLLL=LLLLLLLLLLLLLLLLLLLLLLLLLLLLLLLLL""","[""65%""]",0.0,f65482b0-fa86-11ef-976a-09c939c23fdd.jpg,654c88671e094717f94583f8,6390b1860f350a00139611ae,67c995afb048d2b8f7b400b5,"[""65%""]",295,2025-03-06 12:31:44,0.0
"""Skriv talet i decimalform.\n\n2 tiotal 7 hundradelar.""",,"{""total"":36,""element"":30,""free"":5,""circle"":1}","""xxxxxxvx\ngggggjggg\nmmmmnmmmm\n20,07""","[""20,07""]",0.0,7fa73aa0-9e9f-11f0-8b9e-b5dab0c3d404.jpg,66ba2d1a2b1c87684210cf5d,66850893435b9d55441acdc7,68dce450bf4454247e985875,"[""20,07""]",36,2025-10-01 8:20:33,0.0
"""Hur stor andel av din skolväg har du kvar när du har gått:\n\n${\\Large \\frac{3}{7}}$""",,"{""total"":42,""element"":2,""circle"":5,""free"":34,""rectangle"":1}","""H_{i}\\nparallel \\left\\| \\right\\| ""","[""[4/7]""]",0.0,2cbf2d40-8d72-11f0-93c3-6d27d23941f6.jpg,68be8a16fe9674c77bbcff86,632086689f711900141ee127,68c012d412916635dcdc6529,"[""[4/7]""]",42,2025-09-09 11:43:17,0.0
"""Beräkna med uppställning.\n\n$3\\ 402-576=$""",,"{""total"":218,""highlight"":180,""free"":32,""trianglesymmetricvertical"":2,""circle"":1,""element"":3}","""\\begin{aligned}\\sqrt{\\cdot | }\\udots \\\\\n.\\end{aligned}""","[""2826""]",0.0,6ffbf970-fb29-11ef-9f53-ade05bf24a6a.jpg,64d5ad36574d0490a882f59c,6317802747e61c0013a5ad58,67caa64696be35ba113c56ba,"[""2826""]",218,2025-03-07 7:54:47,0.0
"""Hur många grader är vinkeln?""",images/b5b6dec1-3cae-4866-9473-e87bcbc4651c.png,"{""total"":6,""protractor"":1,""element"":5}","""90\n90\n7""","[""90°""]",0.0,8dc1b820-1134-11f0-bf03-57a711fbb454.jpg,67acbd341982981fbfcce1bb,6672c27a610848f427dd7c0c,67efa1daa36c086e24c747f7,"[""90°""]",6,2025-04-04 9:09:47,0.0
"""Bilden av bollen är förstorad i skalan $2:1$.  Hur lång diameter har bollen i verkligheten?""",images/52f1d928-578a-49b3-a98b-975d7ffda0c0.png,"{""total"":8,""element"":4,""line"":1,""free"":3}","""40\n20""","[""20cm""]",0.0,deb53a90-1391-11f0-a2be-832422780738.jpg,67613901fbe3b647191d535e,656079972a4722912f25e3db,67f399674a48faa5f0fd1c7c,"[""20cm""]",8,2025-04-07 9:22:48,1.0
"""Skriv talet i decimalform.\n\n${\\Large\\frac{45}{100}}=$""",,"{""total"":25,""element"":9,""circle"":1,""rectangle"":1,""free"":14}","""45\n100\n=0,45""","[""0,45""]",0.0,0ad27310-3a0f-11f0-a113-eb1313027f08.jpg,66b7388d9f4aa17382b7566e,657984183192af6ab6cd8be4,68342c49e10e12e731e20f1c,"[""0,45""]",25,2025-05-26 8:54:33,1.0
"""På en bondgård packade man 450 ägg i kartonger. Varje kartong rymde 6 ägg. 14 av äggen gick sönder under arbetet. Hur många äggkartonger kunde man fylla?""",,"{""total"":22,""element"":20,""free"":1,""line"":1}","""450-14=436\n41436=072=6""","[""72""]",0.0,7f678b00-99e8-11f0-a9b7-d533e83f4ae2.jpg,650aa512df3e707207513c13,68be8cd3882827ccca12474a,68d4fb4e930d3f5e7e13a291,"[""72""]",22,2025-09-25 8:20:30,1.0
"""Vilket tal är $y$? Svara i bråkform.""",,"{""total"":65,""element"":61,""numberline"":1,""free"":3}","""jag\när\ndum\ni\nhuve-\neller\nså\nfår\nman\nrätt\nom\nman\nhartur\nwait\njag\ntror\njag\nvet\nnu""","[""[8/9]""]",0.0,59a7da00-fa8d-11ef-bca4-758db39a8f04.jpg,64d5af26b2772f901400aab8,6131d0e017e298001928f8bc,67c9a067b048d2b8f7b8b410,"[""[8/9]""]",65,2025-03-06 13:17:28,0.0
"""${\\large \\frac{847}{7}}= $""",,"{""total"":10,""element"":9,""line"":1}","""1847=121=7""","[""121""]",0.0,4e95a8b0-3ac3-11f0-b943-5f91faba2fae.jpg,66d967d5583bb9326b74336c,6333e9581e985a00143b155b,68355ab8fe1cde42c6274334,"[""121""]",10,2025-05-27 6:24:56,1.0
"""Vad är omkretsen av en rektangel med sidorna $6$ cm och $3$ cm?""",,"{""total"":29,""line"":5,""element"":24}","""6cm\n3cm\n3cm\n6cm\n6+3+6+3=18cm""","[""18""]",0.0,78f2bfd0-2425-11f0-99ee-f1087875512b.jpg,66bd292bb1836f4643ef6a9c,631779942871680013b928af,680f68fddc67cc421d3b1b14,"[""18cm""]",29,2025-04-28 11:39:42,1.0
"""Omvandla $\\Large\\frac{6}{200}$ till procent.""",,"{""total"":24,""rectangle"":1,""circle"":2,""line"":3,""triangleright"":2,""circledfraction"":2,""free"":3,""protractor"":4,""element"":7}","""mg,b\ndf.g.""","[""3%""]",0.0,db8e3fb0-16c0-11f0-a9a7-e91d0170a3b0.jpg,661e22650fd893fdfb097597,65607b95ef8f766176121c24,67f8f0babbccd3eca9af480c,"[""3%""]",24,2025-04-11 10:36:42,0.0
"""Beräkna $5\\ 639 + 1\\ 837 =$""",,"{""total"":11,""numberframe"":2,""element"":9}","""666666=666""","[""7476""]",0.0,4f3c56b0-1147-11f0-bfa7-db3ee69a4400.jpg,66ba88b7acf548936806a66e,60def8eb5a8551001986d6ae,67efc15110fe4a37f802f254,"[""7476""]",11,2025-04-04 11:24:02,0.0
"""Gör om receptet så att det räcker till 4 personer.\n\nHur många äpplen behöver du?""",images/15bc5535-206d-4f9e-a81b-d784ac4f8b45.png,"{""total"":63,""element"":61,""rectangle"":1,""image"":1}","""Pastasalladför4personer\n4\ndl\npasta\nen\ngurka\n12\noliver\n8\ntomater\n2\näpplen""","[""2""]",0.0,eeebf990-0fa8-11f0-a2e9-abd236092e10.jpg,66b734bf07792bca16551751,659e5c6c00ac26e48b3f993e,67ed0a1d614b6824ccba0377,"[""2""]",63,2025-04-02 9:57:49,1.0
"""Hur många grader ska ringen vridas runt mittpunkten P för att mönstret ska sammanfalla med det ursprungliga mönstret?\n\nAnge *minsta möjliga* gradtal.""",images/b0d10bf0-d929-400b-8628-515e3a66eaf2.png,"{""total"":15,""element"":4,""image"":1,""free"":7,""line"":3}","""3603""","[""120°""]",0.0,d409daf0-ff10-11ef-913d-f5bde3e43dc2.jpg,654a3350041bcc926f79cbe6,5ca37eb9f0e63b2601145136,67d132f9bf42d4c39664a458,"[""120°""]",15,2025-03-12 7:08:42,1.0
"""Beräkna.\n\n$60-10=$""",,"{""total"":12,""element"":5,""free"":5,""partpartwhole"":1,""placevaluechart"":1}","""3456y""","[""50""]",0.0,e0d62560-21a0-11f0-b869-d10370f94813.jpg,63f43abfb3815d0020ecc2cc,6582d3ddbe5d4572c267add3,680b2f8a88f9d1d0999b6fb6,"[""50""]",12,2025-04-25 6:45:30,0.0
"""Esther, Emelie, Diletta och Karolina delar på $1{,}2$ liter nyponsoppa.\nHur mycket får var och en om de delar lika? Svara i liter""",,"{""total"":52,""rectangle"":1,""free"":14,""element"":37}","""0,30,30,3=0,3\nsvar:var\nsin\nfår\n0,3L\nnyponsoppa""","[""0,3""]",0.0,d23488f0-3b0c-11f0-a705-5116fc5e99df.jpg,66e80272cd3634cf143224f5,632c3f176aeff60013f0c829,6835d60e8bad9304311ef73b,"[""0,3l""]",52,2025-05-27 15:11:10,1.0
"""$\\begin{gathered}\n\\begin{aligned}\n&\\color{#505050}\\textsf{Vi vet att:}\\\\\\\\\n&\\color{#505050}\\color{#3B91EE}\\Large 20+6=26\\\\\n&\\color{#505050}\\color{#E41575}\\Large 40+9=49\\\\\n&\\color{#505050}\\color{green}\\Large 70+2=72\\\\\\\\\n&\\color{#505050}\\textsf{Beräkna följande:}\n\\end{aligned}\n\\end{gathered}$\n\n$\\color{#505050}\\color{#3B91EE}\\Large 20+6=$""",,"{""total"":15,""element"":7,""free"":6,""trianglesymmetricvertical"":1,""circle"":1}","""weston\n_""","[""26""]",0.0,90824310-94db-11f0-8836-9d7b4c6a2fc6.jpg,68969a8e0e1f7127336ce146,65b90fee85c3805ac3202c2d,68cc821f391fe74582c2d4d3,"[""26""]",15,2025-09-18 22:05:20,0.0
"""En cirkel har arean 113,04 cm$^2$. Beräkna cirkelns omkrets. Använd $\\pi \\approx 3{,}14$ och avrunda till hela centimeter.""",,"{""total"":152,""highlight"":17,""rectangle"":27,""free"":7,""line"":51,""element"":49,""circle"":0,""image"":1}","""QWERTYUIOPÅ¨'ASDFGHJKLÖÄ=ZXCVBNM,.-\n⇐====\nSET\nUP\n38cm2""","[""38""]",0.0,eb259710-f8d0-11ef-b999-29a34aa9ba23.jpg,66ba9805187301238006ce6d,61823b02050a320018818cee,67c6b6c5568388b122c568e7,"[""38cm""]",152,2025-03-04 8:16:06,0.0
"""Använd huvudräkning och skriv bara svaret.\n\n$150-70=$""",,"{""total"":29,""free"":16,""circle"":5,""element"":8}","""15070=080""","[""80""]",0.0,c6f2ec30-fe5c-11ef-a095-af4e7bc72d28.jpg,61e5b12474bbcc001d90e012,63ef4aab48814e0013010c2b,67d004e633b130ce95a36183,"[""80""]",29,2025-03-11 9:39:50,0.0
"""Vilka beräkningar är riktiga?""",images/690039de-573b-4eea-8474-93377929a751.png,"{""total"":124,""element"":38,""free"":83,""circle"":3}","""20-5+3\n15+5\n3\n20-12/4\n15-7-8\n7\n4+2\n3\n30/6-20/5""","[""B"",""D"",""E""]",0.0,2d685830-0ec3-11f0-bc71-25123120d357.jpg,63ca451ddd2df5001f090942,63316d4c1ce1e6001328ece5,67eb88a50e6af5b50e7de330,"[""B"",""D"",""E""]",124,2025-04-01 6:33:10,1.0
"""Beräkna.\n\n$4 \\cdot 9 =$""",,"{""total"":19,""element"":1,""free"":7,""circle"":1,""highlight"":10}","""\\overline{\\Theta }""","[""36""]",0.0,6d3cf530-7e6a-11f0-9409-d563d720936a.jpg,6530cfb909977f3bb297cda2,67adc71827dcba7119815a88,68a6db6194b0ae03393864f9,"[""36""]",19,2025-08-21 8:40:01,0.0
"""Skriv talet i decimalform.\n\n${\\Large \\frac{4}{10}}=$""",,"{""total"":19,""element"":1,""rectangle"":1,""free"":15,""triangleright"":2}",""" \\dfrac{\\left| \\dfrac{}{1\\# }\\right| }{}| _{0},""","[""0,4""]",0.0,f39cec50-152b-11f0-a6bf-41e265288eb4.jpg,67f3de43baf8f06679bad1d8,654a10a1b8c5e761dc8610eb,67f64968e31454f4f1a9cd36,"[""0,4""]",19,2025-04-09 10:18:17,0.0
"""Hur många grader är ett halvt varv?""",,"{""total"":32,""free"":2,""highlight"":22,""triangleright"":3,""trianglesymmetrichorizontal"":1,""element"":4}","""2334""","[""180""]",0.0,773df5d0-0bb9-11f0-aa01-2178893a908b.jpg,66fa4f137db1ccfcd1c32f30,633173d1414bac0014beee6e,67e66fdcec607ee5015bb9ce,"[""180°""]",32,2025-03-28 9:46:05,0.0
"""Den stora cirkelns radie är dubbelt så lång som den lilla cirkelns radie. \n\nHur många gånger större är arean av den stora cirkeln, jämfört med den lilla?""",images/f42f14e5-0175-47db-aa93-4c93e17e2626.png,"{""total"":10,""image"":1,""circle"":1,""element"":8}","""bhnjmklö""","[""4""]",0.0,b971afc0-f4dd-11ef-8f56-e3ae1880354d.jpg,633bea6b7455170020d4b73d,5f9274a73c4ab33fdf46aaa2,67c0164516ebe99537b57f05,"[""4""]",10,2025-02-27 7:37:42,0.0
"""Sex kamrater slog en vanlig tärning var sin gång och alla fick olika många prickar. Amir fick dubbelt så många prickar som Benjamin och tre gånger så många som Lilly. Nadja fick fyra gånger så många prickar som Saga. Hur många prickar fick Lukas?""",,"{""total"":3206,""tiles"":2721,""free"":13,""circledfraction"":2,""fraction"":2,""coins"":457,""element"":11}","""≈≈)≈≈\n%))(3\n4""","[""5""]",0.0,de547360-2bef-11f0-a602-690639169a53.jpg,6310598c18fc62001f97f859,6333ea782b917e00143fcf45,681c7b075224e7109c7a6a1c,"[""5""]",3206,2025-05-08 9:36:08,0.0
"""Hur många meter är omkretsen på lekplatsen?""",images/32ef27e2-8dce-477e-8042-ea6e8d460097.png,"{""total"":16,""image"":1,""free"":2,""rectangle"":0,""element"":13}","""12\n6\n6\n12Svar:36""","[""36""]",0.0,e4d5c5f0-04a7-11f0-b31b-c13db487d4d2.jpg,62f33d85375c8b001f1a40ac,67d72ea82717fac620e2138d,67da93e75d0cff8e966d39e7,"[""36m""]",16,2025-03-19 9:52:40,1.0
"""Vilket tal är störst?\n\n${\\Large \\frac{1}{3}}$  eller ${\\Large \\frac{1}{4}}$""",,"{""total"":13,""element"":3,""circle"":2,""free"":8}","""x^{\\nu }x""","[""${\\Large \\frac{1}{3}}$""]",0.0,5ab7a2b0-7e6b-11f0-ae83-4339d6edae1b.jpg,66bf0a851bcaf662bec59066,63208434df06f8001376f1ed,68a6dcef975c98a608e3894c,"[""${\\Large \\frac{1}{3}}$""]",13,2025-08-21 8:46:40,0.0
"""Hur stor andel av figuren är färgad?""",images/2265846f-bf34-4970-89e5-7aefb198c8e9.png,"{""total"":6,""element"":3,""rectangle"":0,""free"":0,""algebratiles"":3}","""00\n0""","[""${\\Large{\\frac{1}{2}}}$""]",0.0,5f2a99a0-9ab9-11f0-9841-8f98e67b67f7.jpg,659d1a99313f224eb43de592,668ce458934009ce00a1cfbb,68d659bc2329228aa3c1790c,"[""${\\Large{\\frac{1}{2}}}$""]",6,2025-09-26 9:15:41,0.0
"""Använd rutnätet och beräkna arean av figuren. Räkna med att avståndet mellan två punkter vägrätt och lodrätt är $1$ cm.""",,"{""total"":27,""free"":17,""line"":4,""element"":6}","""3x42=6""","[""6cm^[2]""]",0.0,8ecb2f90-2411-11f0-90e3-dd98e9aa18c8.jpg,6304c40493219f001f13d795,63417c43279d03001379e689,680f4794f6e636a7fe2ceedf,"[""6cm^[2]""]",27,2025-04-28 9:17:08,1.0
"""Trianglarna $A$ och $B$ är likformiga.\n\nHur stor är vinkel $v$?""",images/ab575f82-6fb0-4f44-b3fa-87fdce0a4cc3.png,"{""total"":44,""element"":23,""image"":1,""triangleright"":3,""rectangle"":2,""circle"":0,""free"":15}","""90+30=120^°\n=180^°\n180^°-120^°=60^°""","[""60°""]",0.0,4b299bc0-1f78-11f0-9bf8-ede6d540e247.jpg,62286563f4fe9d00209e83ad,67bf215b387957094fe91d6b,680790742307baf70db61f9b,"[""v=60°""]",44,2025-04-22 12:49:57,1.0
"""I parken är det $27$ barn. Efter en stund kommer det $15$ barn till. \n\nHur många barn är då i parken? *Visa din beräkning.*""",,"{""total"":16,""rectangle"":1,""line"":5,""free"":1,""element"":9}","""12715=42\n+=""","[""42""]",0.0,7eabbc30-00b5-11f0-a1ac-250ef625834a.jpg,65ae5a67708627e18a21bcce,61d3124f6ee51e0018312bb4,67d3f4bcde9dd0e6963a6245,"[""42""]",16,2025-03-14 9:19:57,1.0
"""Beräkna.\n\n$134{,}6+9{,}65+2{,}04=$""",,"{""total"":22,""element"":18,""free"":3,""line"":1}","""11134,6+9,652,04=14629""","[""146,29""]",0.0,cd59b3f0-94a8-11f0-885d-f318c64c169e.jpg,6708c99eacee14e4057ee0d2,668e89b68c39b3708213051c,68cc2cf5ddf31e9b0948161b,"[""146,29""]",22,2025-09-18 16:01:57,1.0
"""Hur skrivs tolv hundradelar i bråkform?""",,"{""total"":23,""free"":7,""circle"":1,""element"":14,""highlight"":1}","""(⇔)⇐(⇔)⇒1111=⇐\n⇒""","[""[[12]/[100]]""]",0.0,532197d0-315f-11f0-b0ef-d126f803aed2.jpg,63117b6434b25b001fa4e131,63209f0b78c3810013bad424,682599815333eaeaa631a37f,"[""[[12]/[100]]""]",23,2025-05-15 7:36:34,0.0
"""I en skola går $25$ % av eleverna i åk 7, $35$ % i åk 8 och $40$ % i åk 9. Rita ett cirkeldiagram som visar fördelningen.\n\nHur stor är medelpunktsvinkeln för åk 9?""",,"{""total"":24,""circle"":1,""free"":2,""line"":3,""element"":18}","""0,4*360=144\nsvar:144^°""","[""144°""]",0.0,b062da10-2fe5-11f0-bf3d-e3a17c593d4e.jpg,634406a7461ef2001f9434a9,63524650069ecb0014186c65,68231ff026230026892be1fc,"[""144°""]",24,2025-05-13 10:33:20,1.0
"""Avrunda talen till heltal och beräkna. \n\n$762{,}4-389{,}1-299{,}5 \\approx$""",,"{""total"":54,""element"":53,""circle"":1}","""00=0\n00\n000\n00\n000\n00\n0462762038903004020=00\no0\n000\n00\n\n\n0000000o0=0""","[""73""]",0.0,56f7ed80-21a3-11f0-b02f-63d848dae56a.jpg,655f372eb7f086217881207a,65607b592a4722912f25f30b,680b33ab3e204c268ed9758e,"[""73""]",54,2025-04-25 7:03:07,0.0
"""Hur skrivs två hundradelar i decimalform?""",,"{""total"":159,""line"":150,""circle"":6,""free"":0,""element"":3}","""0,02""","[""0,02""]",0.0,b07a46c0-9dcf-11f0-9003-cbcffa6fe4ca.jpg,6554daa2d624d5ca7cc06a62,63209f1947e61c0013b87bfa,68db87ab5dd3470e6616c5d9,"[""0,02""]",159,2025-09-30 7:33:00,0.0
"""Vad är klockan på bilden?""",images/186a251e-3f59-416a-9c18-ccc52afe721a.png,"{""total"":152,""tiles"":137,""free"":9,""element"":6}","""100000""","[""5""]",0.0,0c1d67d0-3568-11f0-86f2-c36975b72caf.jpg,64d3548f0198110063f747a6,6582d54c987165ee52a3600c,682c5e2049ebb934a12e5c11,"[""5""]",152,2025-05-20 10:49:05,0.0
"""Beräkna.\n\n$5 \\cdot 5=$""",,"{""total"":34,""circle"":1,""free"":19,""element"":14}","""VAMPIREKITTY=25""","[""25""]",0.0,a1394890-309d-11f0-9bf2-2f68c8825563.jpg,66fc8f652c27d26a45e98e2c,6581aa5d4b6d1e17f078eea5,6824548aeed4964af8614d48,"[""25""]",34,2025-05-14 8:30:02,0.0
"""$5 \\cdot 100 = $""",,"{""total"":16,""line"":3,""free"":4,""element"":9}","""5×100=500""","[""500""]",0.0,762bc430-05b3-11f0-9689-9deb74017a60.jpg,651fca4c7024e31949f32c2b,63179403a2edcc0014ba9cb2,67dc54ce5b4cc3f53ae9edb5,"[""500""]",16,2025-03-20 17:47:59,1.0
"""När en grupp med 150 elever blev frågade om deras favoritämne svarade 45 elever historia. \n\nRita en frekvenstabell med möjliga övriga svar och beräkna den relativa frekvensen för elever med ett annat favoritämne än historia.""",,"{""total"":117,""line"":25,""element"":90,""free"":2}","""frekvens\nÄmneAvprickningFrekvensRelativHistoria45Matte65=Svenska40\n65/150≈0,4=40%\n40/150≈0,3=30%""","[""0,7""]",0.0,ad208d10-3266-11f0-a0d9-c766a6ca5ce9.jpg,664dcadcfce5436aba1e4a6f,657993850a0dafe0810080a3,68275356f4df3c9578bc6948,"[""[[105]/[150]]""]",117,2025-05-16 15:01:42,0.0
"""Diagrammet visar hur många poäng 4 vänner får under ett spel Yatzy.\n\nVad är medianen?""",images/8b2ec226-163c-4432-b6d9-a3adfa9fcf13.png,"{""total"":30,""image"":1,""element"":8,""line"":20,""circle"":1}","""66\n72\n76\n78""","[""74""]",0.0,7679ca70-3224-11f0-a0d9-c766a6ca5ce9.jpg,66bd29a6b1836f4643efa053,657993cf0a0dafe081008444,6826e43fe7123cb9d5dcd89e,"[""74""]",30,2025-05-16 7:07:44,1.0
"""Vilket av talen är störst?""",,"{""total"":7,""element"":5,""circledfraction"":2}","""waeds""","[""${\\Large\\frac{1}{2}}$""]",0.0,a0bd7ef0-7e67-11f0-98c9-852249db6cbd.jpg,64d37518194ea73c06e98743,641d71337c0a73001343d5a6,68a6d6af4e02e8481f74ef68,"[""${\\Large\\frac{1}{2}}$""]",7,2025-08-21 8:19:59,0.0
"""${\\Large\\frac{15}{30}}=$""",,"{""total"":15,""element"":7,""trianglesymmetricvertical"":1,""fraction"":4,""free"":3}","""11,5=0,5=3""","[""0,5""]",0.0,a2a3e6e0-8ee9-11f0-ad64-45e7748b9109.jpg,68a42711a03495c6118525ee,632d93f5ba169c0013e8b7f4,68c288bfe4e33b7bc36949d5,"[""0,5""]",15,2025-09-11 8:30:56,0.0
"""Hur mycket var klockan för $45$ minuter sedan?""",images/85ee75e6-001d-40fa-99b5-9984dca54e42.png,"{""total"":29,""element"":23,""numberframe"":4,""free"":2}","""h\nmin\n16:3516:00=15:50\n3510""","[""15.50""]",0.0,d18dbbd0-4055-11f0-9b56-d94376e77706.jpg,64eee5c1f2231691479d5c58,63248ee578c3810013c51463,683eb403eeb89334884a4680,"[""15.50""]",29,2025-06-03 8:36:19,0.0
"""Trafikmärket visar att förare har väjningsplikt (lämna företräde) mot fordon på korsande väg. \n\nHur många summetrilinjer har märket?""",images/f7c7a55a-d46d-4022-bc0b-09f2756d9d71.png,"{""total"":10,""image"":1,""free"":6,""line"":2,""element"":1}","""\\dfrac{x}{i}""","[""3""]",0.0,e5f71c30-027d-11f0-b952-0dfe09792416.jpg,66c49241cdae4903b8f67731,658d1df0500ebd5591e66f15,67d6f2740296333f5076e9c6,"[""3""]",10,2025-03-16 15:47:00,0.0
"""Vilket tal fattas? \n\n$6 = {\\Large\\frac{?}{3}}$""",,"{""total"":25,""element"":2,""image"":2,""line"":13,""free"":5,""circle"":3}","""\\begin{aligned}x\\\\\n+\\end{aligned}""","[""18""]",0.0,c96c7880-8e37-11f0-985e-47e05d7dad11.jpg,66221a41495c71f98489ec10,65573e94e971691acc811d2e,68c15e5ea0f54b83e146d6d1,"[""18""]",25,2025-09-10 11:17:50,0.0
"""Alina går ut på promenad klockan $15.20$. Hon går i $30$ minuter. När är hon färdig?""",,"{""total"":11,""element"":1,""rectangle"":1,""free"":9}","""15\\because 50""","[""$15.50$""]",0.0,a95c9f90-315b-11f0-b519-092eabbdc2be.jpg,64ef016246f8514a9a4c2db3,6581abb89297668e08b33c66,6825935dc21ccb54e368916a,"[""$15.50$""]",11,2025-05-15 7:10:21,0.0
"""Beräkna $1 - {\\Large\\frac{5}{6}} = \\space?$""",,"{""total"":17,""element"":4,""circledfraction"":13}","""-\n1\n=6""","[""[1/6]""]",0.0,3727c2d0-0648-11f0-a8d9-bb6596ca365d.jpg,65004377d8be06f52e2a4a99,6125f0715ce0820019b1565b,67dd4e605842c28286c30022,"[""[1/6]""]",17,2025-03-21 11:32:48,1.0
"""Diagrammet visar resultatet av en undersökning. Hur stor är vinkeln $v$?""",images/02b8a1d0-55a7-485e-96e5-1b58acb8c7ec.png,"{""total"":10,""element"":8,""protractor"":1,""image"":1}","""60grader""","[""60""]",0.0,158529e0-361f-11f0-8bfa-e7e6b2a58150.jpg,6344065b550dbc00207d041f,6347044357710c0013b9d9be,682d913686a85e2f9c717541,"[""v=60°""]",10,2025-05-21 8:39:19,0.0
"""Hur stor andel av figuren är färgad?""",images/d9337708-e328-4aae-9fa1-a012e4ca37c9.png,"{""total"":10,""rectangle"":1,""element"":6,""highlight"":3}","""123456""","[""[6/8]""]",0.0,407a2a80-09a4-11f0-a326-1f00a72a9778.jpg,67b670ef532919033fa162fa,66caea91d46a4275d4415af4,67e2f14743fca23baf49db60,"[""[6/8]""]",10,2025-03-25 18:09:11,0.0
"""Beräkna med uppställning.\n\n$827-549=$""",,"{""total"":17,""image"":1,""free"":9,""line"":1,""element"":6}","""827549""","[""278""]",0.0,ed20bf80-faac-11ef-b249-132ae7c0434f.jpg,66dea82323a275710057dfec,6682a4faa63742f829b35e9a,67c9d5611e481e9956139b1e,"[""278""]",17,2025-03-06 17:03:29,1.0
"""Lisa har 1 027 kulor, Amir har 997 kulor och Javier har 3 531. \n\nHur många kulor har de sammanlagt?""",images/414317fe-2888-462f-a825-c92740f20bcd.png,"{""total"":20,""image"":1,""line"":1,""element"":18}","""11110279973531=5555""","[""5555""]",0.0,f16abc60-fe69-11ef-a1ac-250ef625834a.jpg,66ea727118d8abbb286089c2,654a0d5ab8c5e761dc85f5b4,67d01afdbf42d4c396342ac9,"[""5555""]",20,2025-03-11 11:14:05,1.0
"""Klockan är halv 9. Hur många grader är det mellan minutvisaren och timvisaren?""",images/4d30039f-bd2f-44d7-ac50-ae04ea0aebb6.png,"{""total"":19,""free"":12,""element"":1,""protractor"":1,""circledfraction"":2,""circle"":2,""highlight"":1}","""\\dfrac{1}{3}0=60""","[""75°""]",0.0,ed78c600-fa69-11ef-a75d-91b1c1c6e4da.jpg,6749a313dabb3c341f083f00,65607956acdcfdee99ec790e,67c964f9b048d2b8f79e46d3,"[""75°""]",19,2025-03-06 9:03:54,0.0
"""Diagrammet visar resultatet av en undersökning. Hur stor andel svarade ja?""",images/02b8a1d0-55a7-485e-96e5-1b58acb8c7ec.png,"{""total"":106,""element"":20,""circle"":7,""line"":7,""free"":32,""highlight"":32,""trianglesymmetricvertical"":1,""trianglesymmetrichorizontal"":1,""triangleright"":1,""text"":0,""algebratiles"":1,""circledfraction"":4}","""ledtrådarnaärjusämst""","[""0,5""]",0.0,2f9c9b90-1f51-11f0-9bf8-ede6d540e247.jpg,64d37a934a896d3da9c8c623,6347042857710c0013b9d990,68074ed89f392fb075c4ab47,"[""[1/2]""]",106,2025-04-22 8:10:00,0.0
"""En ruta är 1 cm$^2$. Beräkna arean av hela figuren.""",images/468c72cc-bea5-4324-91e9-1eadf9e85c27.png,"{""total"":123,""free"":14,""tiles"":2,""element"":106,""image"":1}","""⇐44⇒4⇒≈≈≈≈≈≈≈⇒≈⇒≈≈≈4411232⇒⇔⇒≈45≈5555887\n6767gttgjghhhgggbgbhgjjjnbnjbjhjghvbbbbbbbbbbbbbbbbbbbbbbbbbb""","[""9""]",0.0,a6fc6b50-f82a-11ef-9bb6-1fa46a42a618.jpg,62ea98b31126c70021d82739,65607aaafc5e74ce0a1d5352,67c59fd2a0ff95aca7e298d8,"[""9cm^[2]""]",123,2025-03-03 12:25:55,0.0
"""Vad var klockan för 150 minuter sedan?""",images/fcfdddd4-da3f-4edf-8512-d6daf7bba9e2.png,"{""total"":16,""line"":2,""circle"":1,""free"":8,""element"":5}","""halv4""","[""3""]",0.0,6c3879f0-9dd9-11f0-88bb-9b4f18fb8881.jpg,680b4ad8b221c444783a84cd,6581ab3e4b6d1e17f078fc3a,68db98007c6251f9a67d14e8,"[""3""]",16,2025-09-30 8:42:40,0.0
"""Vilket tal är $x$?\n\n$0{,}75=\\large\\frac{3}{x}$""",,"{""total"":9,""line"":1,""element"":8}","""0,75=3\nx\nx=""","[""x=4""]",0.0,92ff1c10-93ed-11f0-9333-ed4c138b7891.jpg,64d377e832ca7a9556303ef3,632197f847e61c0013ba89e9,68caf2d7db2f28d21e9593a5,"[""x=4""]",9,2025-09-17 17:41:43,1.0
"""${\\Large  \\frac{2\\ 800}{40}}= $""",,"{""total"":25,""element"":14,""image"":1,""free"":9,""line"":1}","""2800=40\n4444444""","[""70""]",0.0,1da62030-ff14-11ef-a1ac-250ef625834a.jpg,66e7d2aee99ffa7a2bd5e524,6332aa2ecf17d50014ebaf66,67d1387dbf42d4c396673096,"[""70""]",25,2025-03-12 7:32:13,0.0
"""Vilket tal är $x$?""",,"{""total"":28,""element"":6,""free"":13,""circle"":5,""line"":4}","""x\n45\n9\n3\ny""","[""5""]",0.0,1ac17a70-25ae-11f0-88e6-2b9c13258376.jpg,6603e889ced169e5e48db948,6529876049f220def32565f0,6811fbb7835903d47b8844de,"[""5""]",28,2025-04-30 10:30:16,1.0
"""Hur mycket är klockan?\n\n$\\hspace{0.37cm}$**A.**$\\;$ Fem över halv 3\n\n$\\hspace{0.37cm}$**B.**$\\;$ Fem över halv 4\n\n$\\hspace{0.37cm}$**C.**$\\;$ Fem över halv 5\n\n$\\hspace{0.37cm}$**D.**$\\;$ Fem över halv 6""",,"{""total"":19,""element"":16,""tiles"":1,""free"":2}","""555555555555\n5\nö\nh\n4""","[""B""]",0.0,71a72bd0-0f8a-11f0-8ba8-a37596547fec.jpg,66b2e0dcbc116c259ee48b1b,65e5cccbe5a38e8847591e32,67ecd6f5068027e24f87be6d,"[""B""]",19,2025-04-02 6:19:34,0.0
"""En ruta är $1$ cm$^2$. Beräkna arean av hela figuren.""",images/eb057b9d-8677-4f3b-94eb-0fae6ed59983.png,"{""total"":19,""line"":14,""element"":5}","""12345""","[""5cm^[2]""]",0.0,b6297f20-fddc-11ef-a7c0-59a68ce2523a.jpg,66ba2d65bb3c6dedbf5e3e8a,654a0e85fd6c6cf21b54a381,67cf2e0bbf42d4c3960e05b8,"[""5cm^[2]""]",19,2025-03-10 18:23:07,1.0
"""Beräkna.\n\n$8-(-4)=$""",,"{""total"":20,""trianglesymmetricvertical"":1,""triangleright"":1,""free"":14,""element"":4}","""fuck""","[""12""]",0.0,07b00a20-2426-11f0-bcdf-950c552b9cd5.jpg,680f676d24dad8445f392a0e,6581c1e72257d8ff562b339a,680f69ecd8484a5fa4a14850,"[""12""]",20,2025-04-28 11:43:41,0.0
"""Hur många hörn har figuren?""",,"{""total"":66,""free"":10,""element"":10,""rectangle"":2,""highlight"":44}","""fyrhörning""","[""4""]",0.0,6457db00-986a-11f0-96be-a1efab869f81.jpg,67512634b377ae8212dcee95,658c0493ac4239937f8d0874,68d27a3c96deba0295003f5e,"[""4""]",66,2025-09-23 10:45:17,0.0
"""Linjediagrammet visar hur långt Ana cyklade i kilometer när hon cyklade.\n\nFinns det några avvikelser i datan? Förklara.""",images/8cd45d96-fb5e-4c36-83b9-f900ced50576.png,"{""total"":18,""element"":14,""image"":1,""line"":3}","""yaw\nfam\nhere\nfrfr""","[""Yes""]",0.0,351a1c70-269d-11f0-8d90-013959374699.jpg,679ae211c3e0ba38201fab50,67c9be6251186c1025418676,68138cdd94829d4167833973,"[""Yes""]",18,2025-05-01 15:01:50,0.0
"""Fernando har $2$ bilar. Han säljer $1$ av dem.\n\nHur många bilar har han nu?""",images/18417507-2b98-42c8-81ed-5350986d29fd.png,"{""total"":41,""element"":10,""free"":22,""highlight"":3,""coins"":6,""equation"":0}","""l_^°V^°l__l=oo\n1""","[""1""]",0.0,410fce00-9310-11f0-be12-b7432a05c4d7.jpg,62f33c769b0a53001ffc1999,6581aa1a7845e33fcd424fe4,68c97f87ef70df1c616bb51a,"[""1""]",41,2025-09-16 15:17:27,0.0
"""Beräkna.\n\n$10+4=$""",,"{""total"":41,""element"":40,""trianglesymmetricvertical"":1}","""msh``sspqsq7@@dkxksksykwhoqiaiyiPF<YIID1""","[""14""]",0.0,b5ecd3a0-04d4-11f0-8d7f-35d81da32415.jpg,66eb090514d56c04a22ddcad,6582d357ab55d540cb8184e4,67dadf180e208d7506d40cd8,"[""14""]",41,2025-03-19 15:13:28,0.0
"""Astrids farfar väger $75$ kg. När han ska väga sin hund tar han upp den i famnen och ställer sig på vågen. Vågen visar då $101$ kg. Hur mycket väger hunden?""",,"{""total"":26,""free"":16,""element"":10,""numberline"":0,""protractor"":0}","""-\n101kg75kg""","[""26kg""]",0.0,d6ea3900-f9f6-11ef-accf-0db8819c230e.jpg,634d2ba9e460a0001f070d5b,6317932b78c3810013a83622,67c8a3e3455ad642370841ea,"[""26kg""]",26,2025-03-05 19:20:04,1.0
"""Beräkna. \n\n$48-25=$""",,"{""total"":18,""element"":7,""line"":11}","""48-25=23""","[""23""]",0.0,07fa5c80-fb48-11ef-b062-6d5a1e9a1137.jpg,66d6f63027865d3d73d33cfe,6582d631c5845dee793462fd,67cad99a413f2c5ccac3abe9,"[""23""]",18,2025-03-07 11:33:47,1.0
"""Tabellen visar hur många glas mjölk Kelly drack under en vecka i skolan.\n\nVad är det genomsnittliga antalet glas mjölk som Kelly drack per dag?""",images/fc08dbdc-32f7-4469-b56f-3b1e9f367633.png,"{""total"":28,""element"":15,""image"":1,""free"":8,""line"":4}","""1+2+3+4+5=15\n5=3""","[""3""]",0.0,73d5c670-1960-11f0-949a-a5802104b03d.jpg,66b4294c7864aa9dce3f117e,669e822800e241f1d71110dc,67fd577b4b57157e8378b76a,"[""3""]",28,2025-04-14 18:44:11,1.0
"""The two flowers are 33 inches and 24 inches in height. \n\nWhat is the **difference** in height between the flowers?""",,"{""total"":8,""element"":7,""rectangle"":1}","""19-15=04""","[""4cm""]",0.0,18ba09d0-3595-11f0-8bfa-e7e6b2a58150.jpg,64eed7f0fe53837091a2512d,63dd11c9ff631c00130dfcab,682ca9b5bfbeacfe821df3cc,"[""4cm""]",8,2025-05-20 16:11:33,1.0
"""Du ska gå runt det kvadratiska fältet. Du startar vid hörnet S och rör dig i pilens riktning. Sätt ett X där du är efter att ha gått $\\Large \\frac{1}{5}$ av vägen.""",,"{""total"":26,""element"":14,""numberline"":0,""free"":12}","""O=10m\n\n1=25\n\n1=2,54""","[""Klar""]",0.0,159af740-3fa0-11f0-9694-2dd71b2a44b8.jpg,66b729519f4aa17382b67d9b,60ed48b82c305e0013a66cda,683d831c2ac3cc2cb0905d9b,"[""Klar""]",26,2025-06-02 10:55:24,1.0
"""En rektangel har sidorna $4{,}5$ cm och $3{,}5$ cm. En kvadrat har samma omkrets som rektangeln. Hur stor area har kvadraten?""",,"{""total"":135,""free"":125,""element"":8,""rectangle"":2}","""4,5\n3,5\n4,5\n3,5""","[""16""]",0.0,33125490-0eee-11f0-bab5-bb756996b557.jpg,66b72ee266298c871825a026,6337f15826e86a00143f29ec,67ebd0d3ec1c413a3a53e279,"[""16cm^[2]""]",135,2025-04-01 11:41:07,1.0
"""Hur stor är vinkeln?""",images/648e981d-a609-4cc4-add9-f8b982f92581.png,"{""total"":10,""element"":3,""rectangle"":1,""line"":4,""free"":2}","""=""","[""270°""]",0.0,b4b01770-fffe-11ef-913d-f5bde3e43dc2.jpg,65eac16f87f4fd7ca1a21eba,6579934428dfdde45ae342d3,67d2c21189d8e6816feba3e8,"[""270°""]",10,2025-03-13 11:31:29,0.0
"""En ljusstake kostar 879 kronor. Alexandra köper 9 stycken ljusstakar och betalar med femhundralappar.\n\nHur många femhundralappar behöver hon använda?""",images/504847fe-bad5-4f54-aac0-53d4fde86f0a.png,"{""total"":74,""element"":70,""line"":4}","""879987=7911\n7911=15,rest500\n411≈500\nSvar:Honbehöveranvända16femhundralappar""","[""16""]",0.0,07d38180-2011-11f0-9bf8-ede6d540e247.jpg,66be7b5d8834a1b2abade232,6544b96e7f6220685510116b,680890b4fd25239ba5a90f85,"[""16""]",74,2025-04-23 7:03:17,1.0
"""Vilket tal ska stå istället för frågetecknet?\n\n$425$ cm $=$ –?– m""",,"{""total"":249,""element"":5,""placevaluechart"":243,""free"":1}","""zjjjj""","[""4,25""]",0.0,5be775c0-34a1-11f0-92d2-8145c5fe27c1.jpg,63c221c2107086001f13772a,6337ff7126e86a00143f3f3b,682b10c875024930a0c4b4ae,"[""4,25""]",249,2025-05-19 11:06:49,0.0
"""Vilket tal fattas?""",images/280aa760-a543-4aaf-bd23-d0e8c768adbb.png,"{""total"":5,""element"":4,""partpartwhole"":1}","""10\n7\n3""","[""3""]",0.0,66652fc0-0e08-11f0-8eed-d586796e9f5a.jpg,66b2e2ecbd56d2677ab00bcf,6582d309ab55d540cb81826c,67ea4f49cb6f15e96702316e,"[""3""]",5,2025-03-31 8:16:09,0.0
"""Hur många procent är färgad? Välj rätt alternativ.""",images/198162d6-6b9b-4c37-95bc-6138241caeac.png,"{""total"":34,""element"":30,""triangleright"":2,""rectangle"":1,""highlight"":1,""free"":0}","""Hela=100%\nBlå=50%\nVit=50%\nAddera\n+""","[""50 %""]",0.0,c216ff00-04a4-11f0-b31b-c13db487d4d2.jpg,66fc870694d1451a3958ea85,634eb539b35ecb001343516f,67da8ea45d0cff8e966a6f3f,"[""50 %""]",34,2025-03-19 9:30:13,1.0
"""Hur lång är den gula sträckan?""",images/8ab884d2-641e-40ce-8079-cd93040db966.png,"{""total"":92,""free"":46,""element"":9,""line"":32,""circle"":5}","""slay\nqueen""","[""11""]",0.0,c0bfe0d0-946a-11f0-a6d2-196c31760e34.jpg,66c5c2004b4f88024652c853,65574197181670cb1ac31083,68cbc4db391fe74582a47973,"[""x=11""]",92,2025-09-18 8:37:47,0.0
"""Anna är 9 år gammal, och har tre syskon som är 6, 7 och 15 år.\n\nVad är medelåldern bland Anna och hennes syskon?""",images/4428355d-6a3d-4c1e-acb3-7dd0e9a38df0.png,"{""total"":142,""free"":78,""line"":14,""element"":50}","""uiy8y7t67ttt6t6t6tguuuuuuuuuuuuuuuuuuuuuuuuuuuuuuv""","[""9,25""]",0.0,86293190-3fc1-11f0-9694-2dd71b2a44b8.jpg,65c5d211d1442aafd8c55bba,65573f539aa6487613cd7f64,683dbb360d2975ddb52335dd,"[""9,25""]",142,2025-06-02 14:54:46,0.0
"""Vilket bråk fattas? \n\n${\\Large \\frac{1}{2}}+ {\\Large\\frac{1}{4}} + {\\Large\\frac{1}{8}} +\\underline{\\hspace{0.5cm}} = 1$\n\nTips, resonera utifrån figuren!""",images/4075da68-83dd-4d9f-aa2e-d976cb50d088.png,"{""total"":376,""image"":1,""fraction"":356,""element"":19}","""πxyuyghgfueqfjqewg\n""","[""[1/8]""]",0.0,4f66c900-00a7-11f0-b720-01a79a3d3c6f.jpg,5fae88f90f6132001413aeda,5ff87c283c4ab33fdf0aa7fd,67d3dcf0945d1be1cc76dbcf,"[""[1/8]""]",376,2025-03-14 7:38:24,0.0
"""Rita *figur 4* i mönstret. Hur många rutor täcker figuren?""",images/93a0ff19-4e00-48d5-8c37-f386b7f75344.png,"{""total"":13,""element"":6,""image"":2,""rectangle"":2,""highlight"":3}","""4×4=16""","[""16""]",0.0,fdca7e70-2590-11f0-9688-b9fc95c61978.jpg,62eb8ddd1804bd0020b34df4,62469ee9f5937f001351c66a,6811cadf8156a5fc99222435,"[""16""]",13,2025-04-30 7:01:51,1.0
"""Ines säger att hon har 29 poäng. \n\nVilket kort kan hon inte ha?""",images/0c0546bf-b09a-4452-b3b3-f8e09974c4e2.png,"{""total"":5,""element"":2,""protractor"":0,""free"":3}",""".""","[""17""]",0.0,297d0340-fe67-11ef-913d-f5bde3e43dc2.jpg,66b733649f4aa17382b71922,5ea6f82e23ffb5ffa1647271,67d0165247a350b64d8c3b2c,"[""17""]",5,2025-03-11 10:54:10,0.0
